Comments,stance
ఇంతకంటే అధికార దుర్వినియోగం ఎదన్నా ఉంటుందా,against
"ఏపీ మహిళలకు గుడ్‌న్యూస్‌ 7894 లక్షల మందికి రూ6,419 కోట్లు",favour
"-లాభం లేదు""దిష్టి చుక్క పెట్టాలి సామి మీకు జగన్ ",against
ముత్తాత ఆస్తి రెండు ఎకరాలు ముని మనవడి దానం ఒకరోజు 33 లక్షలు 2020 అంటే ఇదేగా? భ్రమరావతి కళా సాకారం అయి…,neutral
ఇంతకంటే అధికార దుర్వినియోగం ఎదన్నా ఉంటుందా,against
మీ ప్రభుత్వం ఉన్నది తెలంగాణలో మీరెవ్వరు ఎవ్వరు చింతించకండి నష్టపోయిన పంటలకు ఎకరానికి రూ10 వేల నష్టపరిహారం ఇ…,neutral
చివరి సారి తన ఓటు వేసిన చంద్రం తరువాత ఎలాగో రాడు కదా,favour
నిన్న దాకా లో యువతస్థాయి డెవలప్మెంట్ అంటూ ప్రచారం జగన్ రెడ్డి బొమ్మతో సిమెన్స్ తన క్రెడిట్ అ…,favour
సిమెన్స్ ద్వారా అని ప్రచారం చేసుకున్నారు కదరా తెలంగాణ ఇండస్ట్రీలో జాబ్ వాళ్ళకి కూడా…,neutral
ఇంతకంటే అధికార దుర్వినియోగం ఎదన్నా ఉంటుందా,against
ఇంతకంటే అధికార దుర్వినియోగం ఎదన్నా ఉంటుందా,against
మీరే గెలిచారు సార్,favour
ఇంతకంటే అధికార దుర్వినియోగం ఎదన్నా ఉంటుందా,against
ఇంతకంటే అధికార దుర్వినియోగం ఎదన్నా ఉంటుందా,against
"ప్రధాని, సీఎం జగన్, కేసీఆర్ జాతకాలు బాగున్నాయి",favour
ఇంతకంటే అధికార దుర్వినియోగం ఎదన్నా ఉంటుందా,against
ఇంతకంటే అధికార దుర్వినియోగం ఎదన్నా ఉంటుందా,against
ఇంతకంటే అధికార దుర్వినియోగం ఎదన్నా ఉంటుందా,against
ఇచ్చిన మాట తప్పడము ముఖ్యము,against
జగన్ పై ఫృథ్వీరాజ్ షాకింగ్ కామెంట్స్ 2024లో మళ్లీ ఇదే రిపీట్ అంటూ,against
ఇంతకంటే అధికార దుర్వినియోగం ఎదన్నా ఉంటుందా,against
ఇంతకంటే అధికార దుర్వినియోగం ఎదన్నా ఉంటుందా,against
ఇంతకంటే అధికార దుర్వినియోగం ఎదన్నా ఉంటుందా,against
AP MLC ఓటుహక్కు వినియోగించుకున్న సీఎం జగన్,favour
ఇంతకంటే అధికార దుర్వినియోగం ఎదన్నా ఉంటుందా,against
ఇంతకంటే అధికార దుర్వినియోగం ఎదన్నా ఉంటుందా,against
ఇంతకంటే అధికార దుర్వినియోగం ఎదన్నా ఉంటుందా,against
ఇంతకంటే అధికార దుర్వినియోగం ఎదన్నా ఉంటుందా,against
ఇంతకంటే అధికార దుర్వినియోగం ఎదన్నా ఉంటుందా,against
ఇంతకంటే అధికార దుర్వినియోగం ఎదన్నా ఉంటుందా,against
తన మంగమ్మ శపథం పక్కనపెట్టి అసెంబ్లీలో తన ఓటు హక్కును వినియోగించుకున్న చంద్రం,neutral
"forwarded ఆదాయం: అదానీకి వ్యయం: జనానికి, బ్యాంకులకు అవమానం: నెహ్రూకి రాజపూజ్యం: గుజరాతీ గుంపుకి బస్, బభ్రాజీమానం…",neutral
అరేయ్ ఎర్రిహూకా అదీ సాంఘిక సంక్షేమ హాస్టల్ మెనూ రా గబ్బునాయాల స్కూల్ మధ్యాహ్న భోజనం గురించి ఆర్డర్ ఉంటె పో…,against
టికెట్ లెస్  అప్పుడే పెడితే ఆ డబ్బులు ఎవరి జోబిలోకి పోయాయి ? ఏదైనా ఒక స్కూల్ లో ఈ ప్రోగ్రామ్ అప్పటికే ఉంది…,against
మొత్తం 175 ఎమ్మెల్యేలకు గాను ఇప్పటివరకు 171 మంది తమ ఓటు హక్కును వినియోగించుకున్నారు,favour
ఎమ్మెల్సీ ఎన్నికల వేళ అనూహ్య ట్విస్టులు చోటు చేసుకుంటున్నాయి …,neutral
రామ్ మనోహర్ లోహియా గారి సిద్ధాంతాలు అర్థం చేసుకోవాలి - JanaSena Shri,neutral
పెళ్ళాం శీలం ముఖ్యమా ఎమ్మెల్సీ ముఖ్యమా BolliNaidu నా పెళ్లాం పతివ్రత ఐతే కదా నాకు mlc ney ముఖ్యం,neutral
అసెంబ్లీ వద్ద బుల్ బుల్ బాలయ్య మంతనాలు,neutral
తెలుగుదేశం అతి తెలివి  ఇలాంటి vp పనులు చేసే 23 కి వచ్చారు  వసంత కృష్ణ ప్రసాద్ అసెంబ్లీ లోనే ఉన్నారు  ఇప్పుడే వ్యవసాయ శాఖ…,neutral
రేయ్ నీ అమ్మను దేంగా యూసర్ నేమ్ మార్చు జగనన్ను 420 అంటావా,favour
అత్యాధునిక సాంకేతికతతో వైయస్ఆర్ జగనన్న శాశ్వత భూహక్కు మరియు భూరక్ష పథకం కింద చేస్తున్న డిజిటల్ సర్వే ద్వారా గ్రామ…,favour
మంగమ్మ శపథం పక్కనపెట్టి అసెంబ్లీకి బయలుదేరిన చంద్రబాబు,neutral
వచ్చే ఎన్నికల్లో పరిటాల వాళ్ళు గెలిస్తే మీసం తీయించుకుంటా -- తోపుదుర్తి ప్రకాష్ రెడ్డి (రాప్తాడు ఎమ్మెల్యే),neutral
మనబడి నాడు-నేడు ద్వారా క్లాస్ రూమ్స్ మరమ్మతులకు ₹ కోటి 12 లక్షలు ఖర్చుపెట్టారు వైఎస్ జగన్ మోహన్Andhra Pr…,favour
ఎమ్మెల్యే కోటా ఎమ్మెల్సీ ఎన్నికలు ఓటేసిన వైఎస్ జగన్,favour
చంద్రబాబు పోయిండు జగన్ వంగిండు మోడీకి లొంగని ఏకైక పార్టీ కాబట్టే ఈడీ దాడి అసలు కుట్ర ఏంటో చె…,against
"తమ ఓటు హక్కు ఉపయోగించుకున్న వైసీపీ మంత్రులు, ఎమ్మెల్యేలు",favour
వైఎస్ జగన్ మోహన్దలిత ఎమ్మెల్యే చేతి మీద చిన్న గీత పడితే అంత ఓవర్ యాక్షన్ చేసావు? ఈ దలిత బిడ్డని అతి దారుణంగా చంపారు…,against
"లేని సత్తాని ఉన్నట్టు చూపించి, బలవంతంగా ప్రజల మీద రుద్దాలని చూస్తే అనార్థలే జరుగుతాయి జగన్",against
టీడీపీలోకి 16 మంది వైసీపీ ఎమ్మెల్యేలు ? జగన్ లో వణుకు   జగన్  ,against
"వైసిపి పోటీ చేసి ప్రతి చోట గెలవాల్సిన అవసరం వెంకటరెడ్డిని నేను వికీభవిస్తాను, జనసేన నేత కామెంట్స్ …",against
ఏపీలో ఎమ్మెల్యే కోటా ఎమ్మెల్సీ ఎన్నికలు ఓటేసిన సీఎం జగన్‌ (ఫోటోలు),favour
"టీడీపీ కి దూరంగా ఉన్న ఎమ్మెల్యేలు కూడా మాకే ఓట్ వేస్తారు - AP Taneti Vanitha - TV9,",favour
ఎమ్మెల్సీ ఎన్నికలు వైసీపీ అసంతృప్తులపై టిడిపి ఆశలు - Tdp Mlc …,neutral
"250 కోట్లతో ఏపీలో పెట్టుబడులు పెడుతున్న ఎలిస్టా - ఎలక్ట్రానిక్ తయారీ సంస్థ టీవీలు, మానిటర్ల తయారీ ప్లాంటును ఏర్పాటు…",favour
దేశంలోనే ఎక్కడ లేని శాలరీలు ఇచ్చి ఆశావర్కర్లను ఆదుకుంటున్నాడు మన సీఎం జగనన్న,favour
టీడీపీలోకి 16 మంది వైసీపీ ఎమ్మెల్యేలు ? జగన్ లో వణుకు   జగన్  ,against
టీడీపీ సభ్యులపై మంత్రి అంబటి సెటైర్ గొడవ చేయడం కంటే రాకుండా ఉంటే మంచిది,against
టీడీపీలోకి 16 మంది వైసీపీ ఎమ్మెల్యేలు ? జగన్ లో వణుకు   జగన్  ,against
శత్రువులను ధహించే అగ్నిగోళం,neutral
సైకిల్స్ తుప్పు పట్టి పోయాయి వీడియో కాన్ఫరెన్స్ లో స్కూల్ పిల్ల సంచలన వ్యాఖ్యలు జగన్ నవ్వులు వీడియో వై…,favour
మనీ: డ్వాక్రా మహిళలకు శుభవార్త తెలిపిన జగన్ సర్కార్ ఆంధ్రప్రదేశ్ ప్రభుత్వంలో వైసీపీ పార్టీ అధికారంలోకి వచ్చిన త…,favour
ఎమ్మెల్యే కోటా ఎమ్మెల్సీ ఎన్నికలు: ఫస్టు ఓటేసిన వైఎస్ జగన్,favour
ఏపీ అసెంబ్లీలో జగనన్న కాన్వాయ్ విజువల్స్,favour
మొదటి గంటలోనే 50 మందికి పైగా ఓటు హక్కు వినియోగించుకున్న వైసీపీ ఎమ్మెల్యే లు,favour
MLC Elections ఓటు హ‌క్కు వినియోగించుకున్న సీఎం జ‌గ‌న్‌,favour
ముఖ్యమంత్రి వైఎస్‌ జగన్‌మోహన్‌రెడ్డి తన ఓటు హక్కును వినియోగించుకున్నారు ఇప్పటివరకు 35 మంది ఎమ్మెల్యేలు ఓటు వేశారు…,favour
ఎమ్మెల్యే కోటాలో ఖాళీ అయిన ఏడు ఎమ్మెల్సీ స్థానాల‌కు ఓటు హక్కును వినియోగించుకున్న సీఎం శ్రీ వైయ‌స్ జ‌గ‌న్ గారు …,favour
Honour మా అమ్మాయినే పెళ్లి చేసుకుంటావా న‌డిరోడ్డుపై జ‌గ‌న్‌ను గొంతుకోసి చంపిన యువ‌తి బంధువులు …,against
23-3-2023 ఈరోజు మన ముఖ్యమంత్రి శ్రీ వైఎస్ జగన్మోహన్ రెడ్డి…,favour
అసెంబ్లీలోని కమిటీ హాల్లో ఎమ్మెల్సీ ఎన్నికల ఓటు హక్కు వినియోగించుకున్న ముఖ్యమంత్రి వైయస్ జగన్,favour
ఎమ్మెల్యే కోటా ఎమ్మెల్సీ ఎన్నికల్లో తన ఓటు హక్కును వినియోగించుకున్న జగనన్న,favour
ఓటు హక్కు వినియోగించుకున్న జగనన్న,favour
తొలి ఓటు వేసిన జగన్,favour
"వైసిపి ఇద్దరు MLA లు పార్టీకి దూరం అవుతున్నారా? కానీ, అక్కడ ఆల్రెడీ వేరే ఇన్చార్జ్ లను ప్రకటించారు …",neutral
అత్యాధునిక సాంకేతికతతో వైయస్ఆర్ జగనన్న శాశ్వత భూహక్కు మరియు భూరక్ష పథకం కింద చేస్తున్న డిజిటల్ సర్వే ద్వారా గ్రామ…,favour
చిట్ట చివరికి తెలుగుదేశం పార్టీ క్యాండిడేట్ ని కూడా పెట్టలేని పరిస్థితికి వచ్చేసింది  …,neutral
ఎమ్మెల్యే కోటాలోని ఏడు ఎమ్మెల్సీ స్థానాలకు నేటి ఉదయం 9 గంటలకు వెలగపూడిలోని ఆంధ్రప్రదేశ్ రాష్ట్ర శాసనసభ మొదటి అంతస్తులో…,neutral
ఎమ్మెల్సీ ఎన్నికల్లో ఓటు హక్కు వినియోగించుకున్న సీఎం జగనన్న,favour
ఎమ్మెల్యే కోటా ఎమ్మెల్సీ ఎన్నికలు ఓటు హక్కు వినియోగించుకున్న సీఎం వైఎస్ జగన్,favour
3/20 నిన్న దాకా లో యువతస్థాయి డెవలప్మెంట్ అంటూ ప్రచారం జగన్ రెడ్డి బొమ్మతో సిమెన్స్ తన క్రెడిట్ అ…,favour
2/20 సిమెన్స్ ద్వారా అని ప్రచారం చేసుకున్నారు కదరా తెలంగాణ ఇండస్ట్రీలో జాబ్ వాళ్ళకి కూడా…,neutral
నెల్లూరు అయినా అమెరికా అయినా అనిల్ కుమార్ యాదవ్ క్రేజ్ తగ్గేదేలే,neutral
కేటీఆర్ మీద కూడా ఒక ట్వీట్ వెయ్యి కంపెనీ బెంగళూరు పోయిందటగా అని ఏడడుగులు గొయ్యి తీసి బొందలో పెడతాడు …,neutral
"నేడు ఏపీ ఎమ్మెల్యే కోటా ఎమ్మెల్సీ ఎన్నికలు - ,",neutral
మీకు మరియు మీ కుటుంబ సభ్యులకు ఉగాది శుభాకాంక్షలు,neutral
"హిస్టరీ రిపీట్ టీవీ5, ఈటీవీ, ఎబిఎన్ చంద్రబాబు, వీరి దత్తపుత్రుడు ఎవరు అడ్డొచ్చిన 2024 లో బాక్సులు బద్దలవడం ఖాయం…",favour
మచిలీపట్నం ఫిషింగ్ హార్బర్ ఏరియల్ వ్యూ రూ 422 కోట్లతో ఆంధ్రప్రదేశ్ ప్రభుత్వం నిర్మిస్తున్న మచిలీపట్నం ఫిషింగ్…,favour
అనీల్ కుమార్ యాదవ్ గారికి పుట్టినరోజు శుభాకాంక్షలు,neutral
"స్టూడెంట్స్ కి ఇచ్చే పథకాల గురించి మాట్లాడే అర్హత టీడీపీ జనసేనకి లేదు , అర్హత ఉన్న వాళ్ళ అందరికీ పథకాలు వస్తున్నాయి…",favour
పవిత్ర రంజాన్ మాసం ప్రారంభమైన సందర్భంగా ముస్లిం సోదరసోదరీమణులందరికీ హృదయపూర్వక శుభాకాంక్షలు రంజాన్ మాసంలో అత్యంత…,neutral
"-లాభం లేదు""దిష్టి చుక్క పెట్టాలి సామి మీకు జగన్ మోహన్",favour
వైఎస్ జగన్ మోహన్దలిత ఎమ్మెల్యే చేతి మీద చిన్న గీత పడితే అంత ఓవర్ యాక్షన్ చేసావు? ఈ దలిత బిడ్డని అతి దారుణంగా చంపా…,against
"ప్రజామోదం లేని నేతృత్వంలో ఎన్నికలకు వెళితే మరోసారి 2019 ఫలితాలు రిపీట్ అవ్వడం పక్కా విడివిడిగా వెళ్లినా, బాబు…",favour
ఎవడ్రా పవన్ కళ్యాణ్ నేను కాపునే కాని వాడికి అస్సలు ఓటు వెయ్యను కాపులందరు జగన్ కే ఓటు ఏస్తారు,favour
మా కాపులందరూ జగనన్నకే ఓటు వేస్తారు,favour
ఏపీలో ఆసక్తికరంగా ఎమ్మెల్యే కోటా ఎమ్మెల్సీ ఎన్నికలు,neutral
ప్రతి కుటుంబం లక్ష రూపాయలు దాటే లబ్ది పొందుతున్నారు గతం లో రూపాయీ కూడా రాలేదు,favour
"ప్రజామోదం లేని నేతృత్వంలో ఎన్నికలకు వెళితే మరోసారి 2019 ఫలితాలు రిపీట్ అవ్వడం పక్కా విడివిడిగా వెళ్లినా, బాబు…",favour
"ప్రజామోదం లేని నేతృత్వంలో ఎన్నికలకు వెళితే మరోసారి 2019 ఫలితాలు రిపీట్ అవ్వడం పక్కా విడివిడిగా వెళ్లినా, బాబు…",favour
"వాడెవడండి పవన్కళ్యాణ్ సింహం సింగిల్ గానే వస్తుంది, మళ్ళీ మా జగనన్నే సీఎం",favour
ఈరోజు జగన్ అన్న వల్లే మా ఆయన బ్రతికాడు 1/3,favour
"వాడెవడండి పవన్కళ్యాణ్ సింహం సింగిల్ గానే వస్తుంది, మళ్ళీ మా జగనన్నే సీఎం",favour
అవినీతిపరుడు అని బుక్ తయారు చేసే కదా అది ఏమైంది అంటున్న స్టే తె…,neutral
జగన్ S/O YSR VV తండ్రి స్థాయిని మరింత పెంచుతూ ప్రతి క్షణం ప్రజాహితం కోసం పని చే…,favour
ఒక్క ఎమ్మెల్యే కూడా చేజారకుండా అధికార పార్టీ జాగ్రత్తలు - ఆత్మప్రబోధానుసారం ఓటేయాలని టీడీపీ పిలుపు - టీడీపీ అభ్య…,neutral
రాజకీయ పంచాగాల లెక్కలు వేరేగా ఉంటాయి ఎవరి పంచాంగం వారికే అనుకూలంగా చెపుతుంది,neutral
7 స్థానాలు 8 మంది పోటీ శిబిరాల్లో ఎమ్మెల్యేలు,neutral
లోకేష్ పాదయాత్రకు పెజా స్పందన అని ఎల్లో మీడియా ఓ భజన రియాలిటీ ఇదీ 400 రోజులు లోకేష్ వెనక తిరగడానికి ఒక్కొక్కరికీ నెల…,neutral
"1000/-మాట నిలబెట్టుకోలేని లోకేష్, హామీలు ఎలా నెరవేరుస్తాడని ప్రజలు అనుకుంటున్నారు నారా లోకేష్ పాదయాత్రకి వచ్చినందుకు ఒ…",neutral
"ప్రజామోదం లేని నేతృత్వంలో ఎన్నికలకు వెళితే మరోసారి 2019 ఫలితాలు రిపీట్ అవ్వడం పక్కా విడివిడిగా వెళ్లినా, బాబు…",favour
ఒరేయ్ ఎర్రి హూకా జగన్ రాక ముందు ఎక్కడ ఉంటారో ఇప్పుడు కూడా అక్కడే ఉంటా…,against
కేటీఆర్ మీద కూడా ఒక ట్వీట్ వెయ్యి కంపెనీ బెంగళూరు పోయిందటగా అని ఏడడుగులు గొయ్యి తీసి బొందలో పెడతాడు …,neutral
మచిలీపట్నం ఫిషింగ్ హార్బర్ ఏరియల్ వ్యూ  రూ 422 కోట్లతో ఆంధ్రప్రదేశ్ ప్రభుత్వం నిర్మిస్తున్న మచిలీపట్నం ఫిషింగ్ హా…,favour
సీఎం వైయ‌స్ జ‌గ‌న్ హ‌యాంలో ఏపీ 1143 శాతం జీఎస్డీపీ వృద్ధి రేటుతో దేశంలోనే నెంబ‌ర్ 1 స్థానంలో ఆంధ్ర‌ప్ర‌దేశ్ ని…,favour
"ఉగాది నాటికి 5 లక్షల ఇళ్లు, విశాఖపట్నం నుండి పాలన, జగన్ రెడ్డి వాళ్తేర్ క్యాంపు అన్నీ తూచ్ నా బొడ్డేనా …",neutral
"ప్రజామోదం లేని నేతృత్వంలో ఎన్నికలకు వెళితే మరోసారి 2019 ఫలితాలు రిపీట్ అవ్వడం పక్కా విడివిడిగా వెళ్లినా, బాబు…",favour
"ప్రజామోదం లేని నేతృత్వంలో ఎన్నికలకు వెళితే మరోసారి 2019 ఫలితాలు రిపీట్ అవ్వడం పక్కా విడివిడిగా వెళ్లినా, బాబు…",favour
సేంద్ర గాడు paul ఐతే జలగ్గాడు bro  ఇద్దరూ దొంగలే,favour
వైఎస్ జగన్ మోహన్దలిత ఎమ్మెల్యే చేతి మీద చిన్న గీత పడితే అంత ఓవర్ యాక్షన్ చేసావు? ఈ దలిత బిడ్డని అతి దారుణంగా చంపా…,against
"Nedu జగన్ Promises  1, 95 శాతం హామీలు అమలు చేసామని చెపుతున్న రాష్ట్ర ప్రభుత్వం ‌కానీ దాంట్లో‌ సగం…",favour
"ప్రజామోదం లేని నేతృత్వంలో ఎన్నికలకు వెళితే మరోసారి 2019 ఫలితాలు రిపీట్ అవ్వడం పక్కా విడివిడిగా వెళ్లినా, బాబు…",favour
"ఉగాది నాటికి 5 లక్షల ఇళ్లు, విశాఖపట్నం నుండి పాలన, జగన్ రెడ్డి వాళ్తేర్ క్యాంపు అన్నీ తూచ్ నా బొడ్డేనా …",neutral
"ప్రజామోదం లేని నేతృత్వంలో ఎన్నికలకు వెళితే మరోసారి 2019 ఫలితాలు రిపీట్ అవ్వడం పక్కా విడివిడిగా వెళ్లినా, బాబు…",favour
"ప్రజామోదం లేని నేతృత్వంలో ఎన్నికలకు వెళితే మరోసారి 2019 ఫలితాలు రిపీట్ అవ్వడం పక్కా విడివిడిగా వెళ్లినా, బాబు…",favour
విజయవాడ - హైద్రాబాద్ ఫస్ట్ ఎలక్ట్రిక్ బస్,neutral
"ప్రజామోదం లేని నేతృత్వంలో ఎన్నికలకు వెళితే మరోసారి 2019 ఫలితాలు రిపీట్ అవ్వడం పక్కా విడివిడిగా వెళ్లినా, బాబు…",favour
ఏపీలో ఆసక్తి రేపుతున్న ఎమ్మెల్యే కోటా ఎమ్మెల్సీ ఎన్నికలు -,favour
వైఎస్ జగన్ మోహన్దలిత ఎమ్మెల్యే చేతి మీద చిన్న గీత పడితే అంత ఓవర్ యాక్షన్ చేసావు? ఈ దలిత బిడ్డని అతి దారుణంగా చంపా…,against
"ప్రజామోదం లేని నేతృత్వంలో ఎన్నికలకు వెళితే మరోసారి 2019 ఫలితాలు రిపీట్ అవ్వడం పక్కా విడివిడిగా వెళ్లినా, బాబు…",favour
వైఎస్ జగన్ మోహన్దలిత ఎమ్మెల్యే చేతి మీద చిన్న గీత పడితే అంత ఓవర్ యాక్షన్ చేసావు? ఈ దలిత బిడ్డని అతి దారుణంగా చంపా…,against
"-లాభం లేదు""దిష్టి చుక్క పెట్టాలి సామి మీకు జగన్ మోహన్",favour
విష్ణుకుమార్ రాజు గారు మీలాంటి వాళ్ళు ఒక్క నలుగురు నాయకులు తప్ప బీజేపీలో మిగతా నాయకులంతా వైసీపీకి కొమ్ముకాస్తున్నారనేది అ…,neutral
వైఎస్ జగన్ మోహన్దలిత ఎమ్మెల్యే చేతి మీద చిన్న గీత పడితే అంత ఓవర్ యాక్షన్ చేసావు? ఈ దలిత బిడ్డని అతి దారుణంగా చంపా…,against
"ప్రజామోదం లేని నేతృత్వంలో ఎన్నికలకు వెళితే మరోసారి 2019 ఫలితాలు రిపీట్ అవ్వడం పక్కా విడివిడిగా వెళ్లినా, బాబు…",favour
పల్లె రఘనాథరెడ్డి పెద్ద చిల్లర గాడు నార లోకేష్ పాదయాత్రకి వచ్చినందుకు 1000 రూపాయలతో పల్లె రఘునాథ రెడ్డి ఇస్తే…,neutral
స్కూలు పిల్లలకోసం గోరుముద్దలో భాగంగా వారంలో ౩ రోజులపాటు రాగిజావ కార్యక్రమంలో శ్రీ సత్యసాయి ట్రస్టు భాగస్వామ్యం క్యాం…,neutral
తిరుమలగిరి (సాగర్) మండలం సపావత్ తండా గ్రామం లో తుల్జా భవాని పండగ కు గ్రామస్తుల ఆహ్వానం కొరకు విచ్చేసి భవాని మాతను దర్శిం…,neutral
కేటీఆర్ మీద కూడా ఒక ట్వీట్ వెయ్యి కంపెనీ బెంగళూరు పోయిందటగా అని ఏడడుగులు గొయ్యి తీసి బొందలో పెడతాడు …,neutral
"ప్రజామోదం లేని నేతృత్వంలో ఎన్నికలకు వెళితే మరోసారి 2019 ఫలితాలు రిపీట్ అవ్వడం పక్కా విడివిడిగా వెళ్లినా, బాబు…",favour
కేటీఆర్ మీద కూడా ఒక ట్వీట్ వెయ్యి కంపెనీ బెంగళూరు పోయిందటగా అని ఏడడుగులు గొయ్యి తీసి బొందలో పెడతాడు …,neutral
పావలా లొల్లి,neutral
కేటీఆర్ మీద కూడా ఒక ట్వీట్ వెయ్యి కంపెనీ బెంగళూరు పోయిందటగా అని ఏడడుగులు గొయ్యి తీసి బొందలో పెడతాడు …,neutral
మచిలీపట్నం ఫిషింగ్ హార్బర్ ఏరియల్ వ్యూ రూ 422 కోట్లతో ఆంధ్రప్రదేశ్ ప్రభుత్వం నిర్మిస్తున్న మచిలీపట్నం ఫిషిం…,favour
కేటీఆర్ మీద కూడా ఒక ట్వీట్ వెయ్యి కంపెనీ బెంగళూరు పోయిందటగా అని ఏడడుగులు గొయ్యి తీసి బొందలో పెడతాడు …,neutral
"-లాభం లేదు""దిష్టి చుక్క పెట్టాలి సామి మీకు జగన్ మోహన్",favour
"ప్రజామోదం లేని నేతృత్వంలో ఎన్నికలకు వెళితే మరోసారి 2019 ఫలితాలు రిపీట్ అవ్వడం పక్కా విడివిడిగా వెళ్లినా, బాబు…",favour
కేటీఆర్ మీద కూడా ఒక ట్వీట్ వెయ్యి కంపెనీ బెంగళూరు పోయిందటగా అని ఏడడుగులు గొయ్యి తీసి బొందలో పెడతాడు…,neutral
Okay okay ఇలాంటి లు ఈశ్వర్ అన్న స్పేస్ నుండే జరగాలి అయ్యో మీ గురిం…,neutral
సీఎం శ్రీ వైయస్ జగన్‌ గారి నివాసంలోని గోశాలలో నిర్వహించిన ఉగాది వేడుకల్లో పాల్గొన్న శ్రీ వైయస్ జగన్ దంపతులు YS Ja…,favour
"ప్రజామోదం లేని నేతృత్వంలో ఎన్నికలకు వెళితే మరోసారి 2019 ఫలితాలు రిపీట్ అవ్వడం పక్కా విడివిడిగా వెళ్లినా, బాబు…",favour
"అదే సహనం అదే సంయమనం  అదే చిరునవ్వు అదే ఆత్మస్థైర్యం సానుభూతి అనే పదాన్ని వాడుకోవాలంటే, జగనన్నకి ఉన్నంత అవకాశం…",favour
ప్రజామోదం లేని నేతృత్వంలో ఎన్నికలకు వెళితే మరోసారి 2019 ఫలితాలు రిపీట్ అవ్వడం పక్కా విడివిడిగా వె…,favour
"ముఖ్యమంత్రి వైఎస్ జగన్ మోహన్గారు త‌న నివాసంలోని గోశాలలో ఉగాది వేడుకలు ఘనంగా జరిగాయి తెలుగు ప్రజల సంప్రదాయం, ఆ…",favour
జలగ బోల్లి,against
అంటేజగన్ bro ది కూడా మిధున రాశి అంటalrey అవుతు…,neutral
bro చాలా మంది పనికిమాలిన ఎమ్మెల్యే పనితనం వాళ్ల లోకి రావాలి జగన్ …,against
"*ముఖ్యమంత్రి వైఎస్ జగన్ మోహన్గారు త‌న నివాసంలోని గోశాలలో ఉగాది వేడుకలు ఘనంగా జరిగాయి తెలుగు ప్రజల సంప్రదాయం,…",favour
జగన్babu420 ఏంట్రా కొజ్జా నాయాల,against
వైఎస్ జగన్ మోహన్దలిత ఎమ్మెల్యే చేతి మీద చిన్న గీత పడితే అంత ఓవర్ యాక్షన్ చేసావు? ఈ దలిత బిడ్డని అతి దారుణంగా చంపా…,against
ఈ వీడియో బాగా వైరల్ చెయ్యండి బొల్లి గాడి అసలు రంగు అందరికి తెలియాలి,neutral
వైఎస్ జగన్ మోహన్దలిత ఎమ్మెల్యే చేతి మీద చిన్న గీత పడితే అంత ఓవర్ యాక్షన్ చేసావు? ఈ దలిత బిడ్డని అతి దారుణంగా చంపా…,against
"బీజేపీ పై జనసేన ఫైర్ బయటపడ్డ చీకటి రహస్యం పవన్ కు మోడీ ,చంద్రబాబు బిగ్ షాక్  99TV …",neutral
Machilipatnam Work's రూ 422 కోట్లతో ఆంధ్రప్రదేశ్ ప్రభుత్వం నిర్మిస్తున్న మచిలీప…,against
ఆంధ్రప్రదేశ్ పాలనలో విద్యా శాఖ లో సాహస నిర్ణయాలలో మాత్రం 2018 నుండి స్వర్ణయుగమే అది ని…,favour
తాడేపల్లి: ముఖ్యమంత్రి వైయస్ జగన్‌మోహన్‌రెడ్డి గారి నివాసంలోని గోశాలలో నిర్వహించిన ఉగాది వేడుకల్లో పాల్గొన్న వైయస్…,favour
చేప్పు ర కొడకా,against
అరేయ్ లంజ కొడకా,against
వైజాగ్,neutral
బలం,favour
వైఎస్ జగన్ మోహన్దలిత ఎమ్మెల్యే చేతి మీద చిన్న గీత పడితే అంత ఓవర్ యాక్షన్ చేసావు? ఈ దలిత బిడ్డని అతి దారుణంగా చంపా…,against
నార లోకేష్ పాదయాత్రకి వచ్చినందుకు 1000 రూపాయలతో పల్లె రఘునాథ రెడ్డి ఇస్తే మాకు 500 మాత్రమే ఇస్తారా అంటూ టీడిపి నాయకు…,neutral
"-లాభం లేదు""దిష్టి చుక్క పెట్టాలి సామి మీకు జగన్ మోహన్",favour
శాససభలో జరిగిన గొడవకి పోలీస్ స్టేషన్లో కేసు పెట్టడం అంటే స్పీకర్ ని అవమానించటం కాదా,neutral
ఈ లెక్కన పాదయాత్ర ముగిసేసరికి పెయిడ్ ఆర్టిస్టులకే దాదాపు రూ100 వంద కోట్లు ఖర్చు అవుతుందే ఇక మిగిలిన బిల్డప్ లకు ఎన్ని…,against
నార లోకేష్ పాదయాత్రకి వచ్చినందుకు 1000 రూపాయలతో పల్లె రఘునాథ రెడ్డి ఇస్తే మాకు 500 మాత్రమే ఇస్తారా అంటూ టీడిపి నాయకు…,neutral
పుట్టపర్తి నియోజకవర్గంలో పాదయాత్రకి వచ్చిన వారికి 500 ఇస్తున్న తెలుగు తమ్ముళ్లు,neutral
పుట్టపర్తి నియోజకవర్గంలో పాదయాత్రకి వచ్చిన వారికి 500 ఇస్తున్న తెలుగు తమ్ముళ్లు,neutral
వైఎస్ జగన్ మోహన్దలిత ఎమ్మెల్యే చేతి మీద చిన్న గీత పడితే అంత ఓవర్ యాక్షన్ చేసావు? ఈ దలిత బిడ్డని అతి దారుణంగా చంపా…,against
"లోకేష్ యువ గంగాళం సీక్రెట్ సెక్యూరిటీ కోసం అంటే అనుకోవచ్చు పాదయాత్ర కోసం,జనాలు కనపడటం కోసం 3000 మంది ఏంట్రా ఉంగ…",neutral
వైఎస్ జగన్ మోహన్దలిత ఎమ్మెల్యే చేతి మీద చిన్న గీత పడితే అంత ఓవర్ యాక్షన్ చేసావు? ఈ దలిత బిడ్డని అతి దారుణంగా చంపా…,against
బాబు అసలు రంగు ఇదీ శ్రీవారి వైభవాన్ని విస్తరింపజేసేందుకు దివంగత మహానేత వైఎస్ రాజశేఖరరెడ్డి SVBC ఛానల్‌ను ప్రవేశ…,neutral
CBN మాట్లాడింది ఏంటి అయ్యప్ప స్వామి మాల వేసుకోవడం వల్ల మధ్యం వినియోగం తగ్గి ఆధాయం పోయిందా CBN garu చెప్పుకుం…,neutral
వీడు మాట్లాడింది ఏంటి అయ్యప్ప స్వామి మాల వేసుకోవడం వల్ల మధ్యం వినియోగం తగ్గి ఆధాయం పోయిందా ఈడు చెప్పుకుంటాడు నేను…,against
"ఇది పాదయాత్ర కాదు పెయిడ్ యాత్ర,,,",against
రేపు ఏపీలో ఎమ్మెల్యే కోటా ఎమ్మెల్సీ ఎన్నికలు -,neutral
మనల్ని ఎవడ్రా ఆపేది - తెలుగు తమ్ముళ్లు,favour
"బీజేపీ పై జనసేన ఫైర్ బయటపడ్డ చీకటి రహస్యం పవన్ కు మోడీ ,చంద్రబాబు బిగ్ షాక్  99TV …",neutral
పులివెందుల పులి,favour
జగనన్న హయాంలో ప్రాజెక్టులకు మహర్ధశ,favour
జగన్ ఏమి సాదించాడు అనే వారికి సమాధానం  &amp; పూర్తి చేయడమే కాకుండా పూర్తి స్థాయిలో నీటి నిల్వ చేసి చూపించాడు 40 ఏ…,favour
పెయిడ్ ఆర్టిస్ట్స్ నీ పెట్టుకొని జనం వస్తున్నట్లు కలరింగ్ ఇస్తున్న యువగళం యాత్ర,against
జగనన్న హయాంలో ప్రాజెక్టులకు మహర్ధశ,favour
"ఇది పాదయాత్ర కాదు పెయిడ్ యాత్ర,,,",against
ఇవన్నీ గ్రాఫిక్స్ కాదురోయ్ కావలి నియోజకవర్గంలో నిర్మాణంలో ఉన్న అతిపెద్ద వైయస్ఆర్ జగనన్న లే అవుట్ ,favour
వీడు మాట్లాడింది ఏంటి అయ్యప్ప స్వామి మాల వేసుకోవడం వల్ల మధ్యం వినియోగం తగ్గి ఆధాయం పోయిందా ఈడు చెప్పుకుంటాడు నేను…,against
అన్నా క్యాంటీన్,neutral
ధర్మో రక్షతి రక్షితః ప్రజల్లో మార్పు వచ్చేవరకు ఆ ధర్మాన్ని పట్టుకునే ఉంట ,favour
పండగ పూట కూడా ఈ కామెడీ ఏందీ అబ్బా,neutral
కొంత మంది తెలుగు మహిళల ఉంటారు,neutral
విజనరీ తీసి గుద్దలొ పెట్టుకో ki వల్ల ఉమ్మడి రాజధాని హైదరాబాద్ రాత్రికి రాత్రే వదిలేసి వచ్చిన లంజాకొడ…,against
చంద్రబాబు పోయిండు జగన్ వంగిండు మోడీకి లొంగని ఏకైక పార్టీ కాబట్టే ఈడీ దాడి అసలు కుట్ర ఏంటో చె…,against
మాకు భక్తి ఛానల్ వద్దు పచ్చ చానల్స్ ముద్దు ఈ వీడియో బాగా వైరల్ చెయ్యండి బొల్లి గాడి అసలు రంగు అందరికి తెలియా…,neutral
బొల్లి గాడి ఈ వెధవ పని వల్ల మనం మన ఉమ్మడి రాజధానిగా ఉన్నా హైదరాబాద్ నుంచి రావలసి వచ్చింది వీడు మనకి మేలు చేస్తాడు అంట…,neutral
బాబు అసలు రంగు ఇదీ శ్రీవారి వైభవాన్ని విస్తరింపజేసేందుకు దివంగత మహానేత వైఎస్ రాజశేఖరరెడ్డి SVBC ఛానల్‌ను ప్రవేశపెడి…,neutral
ఈ విషయం లో నేను నాస్తికుడిగా అనిపించవచ్చుకానీ పంచాంగంలో ఒక పంతులు ఈరోజు టీవీలో చెప్తుంటే విన్నాను విద్యార్థులను ఉ…,neutral
బూట్లు వేసుకొని పూజలు చేయటం ఈ బొల్లి జాతి సంస్కారం అనుకుంటా,neutral
బూట్లు వేసుకొని పూజలు చేయటం ఈ బొల్లి జాతి సంస్కారం అనుకుంటా,neutral
ఓరి నీ యశలు,against
సీఎంలు కేసీఆర్ - జగన్ జాతకాలు ఈ ఏడాది ఇలా స్వరూపానందేంద్ర ,favour
ఉగాది వేడుకల్లో ఉన్న మేనల్లుడు అర్జున్ రెడ్డిని ఆప్యాయంగా పలకరిస్తున్న జగనన్న దంపతులు,favour
400 రోజులు లోకేష్ వెనక తిరగడానికి ఒక్కొక్కరికీ నెలకు 25 కూలీ …,neutral
"వాయమ్మో భయం వేస్తుంది వనికి షలి,జ్వరం వచ్చింది కామెడీ పీస్లని చూస్తుంటే",neutral
అద్దె మనుషులని పెట్టుకొని అద్దె బ్రతుకు బ్రతుకుతున్న పచ్చ బతుకులు అద్దె బ్రతుకులు,neutral
వైయస్ఆర్ చేయూతతో మెరుగుపడుతున్న జీవితాలు జగనన్న ప్రభుత్వంలో వివిధ పథకాలతో లబ్ధి పొందుతున్న కుటుంబాలు జగన్ M…,favour
తెలుగు ప్రజలకు ఉగాది శుభాకాంక్షలు ,neutral
జై జగన్ మోహన్ రెడ్డి అన్న,favour
వైఎస్ జగన్ మోహన్దలిత ఎమ్మెల్యే చేతి మీద చిన్న గీత పడితే అంత ఓవర్ యాక్షన్ చేసావు? ఈ దలిత బిడ్డని అతి దారుణంగా చంపా…,against
"మాలోకం"" పాదయాత్రలో అద్దె మనుషులు 3000 మందికి నెలకు 25 వేలు ఇచ్చి తెచ్చుకున్న పప్పు గాడు",neutral
"-లాభం లేదు""దిష్టి చుక్క పెట్టాలి సామి మీకు జగన్ మోహన్",favour
"""మాలోకం"" పాదయాత్రలో అద్దె మనుషులు 3000 మందికి నెలకు 25 వేలు ఇచ్చి తెచ్చుకున్న వైనం …",against
అలాంటి ప్రశ్నలు అడగకండి రాధిక గారు అన్నయ్య ఫీల్ అవుతాడు,neutral
వైఎస్ జగన్ మోహన్దలిత ఎమ్మెల్యే చేతి మీద చిన్న గీత పడితే అంత ఓవర్ యాక్షన్ చేసావు? ఈ దలిత బిడ్డని అతి దారుణంగా చంపా…,against
అసలు మిమ్మల్ని ఏ పదాలతో తిట్టాలో కూడా అర్థం కావట్లేదు …,against
తాడేపల్లి: సీఎం జగన్‌ నివాసంలో శోభకృత్‌ నామ ఉగాది వేడుకలు (ఫొటోలు) …,neutral
బొల్లి ఫ్యాషన్,neutral
"సంపాదించడమే కాకుండా, సమాజం మీద కూడా దృష్టి పెట్టాలని గారు నేర్పించారు - హైపర్ ఆది",neutral
జగనన్నతో మంత్రి రోజా సెల్ఫీ,neutral
మీకు మీ కుటుంబ సభ్యులకు నా హృదయపూర్వక శోభాకృత ఉగాది శుభాకాంక్షలు,neutral
skamulu chesarura bevakuf chesindhi mee జగన్ సొంత తండ్రిని బాబాయ్ నీ అమ్మని చెల్లిని రాష్ట్రాన్ని…,against
ఉగాది వేడుకల్లో సీఎం వైఎస్‌ జగన్‌ More: …,neutral
క్యాంపు కార్యాలయంలో ఘనంగా ఉగాది వేడుకలు,neutral
"-లాభం లేదు""దిష్టి చుక్క పెట్టాలి సామి మీకు జగన్ మోహన్",favour
క్యాంపు కార్యాలయంలో ఘనంగా ఉగాది వేడుకలు,neutral
బొక్కలో వేసి అడగాలి బోల్లిగడిని,neutral
జగనన్న,neutral
పిల్లల భవిష్యత్తు గురించి ఆలోచన చేసి ఆచరణలో పెట్టిన ఏకైక ముఖ్యమంత్రి మన జగనన్నే,favour
ప్రైవేట్ స్కూల్ కి దీటుగా చిత్తూరు జిల్లాల్లో ఒక గవ్నమెంట్ స్కూల్,favour
"నాలాంటి వారిని, కొత్త వారిని ఆపడం కోసం వాడుతున్నారు జగన్ గాడు KCR గాడు ఓడిపోకుండ ఉంటారా మళ్లీ మాTimeరాదా అన్ని మా…",against
ఏపీ సీఎం జగన్ నివాసంలో ఉగాది వేడుకలు,neutral
ఆ దౌర్భాగ్యం నీ ఒక్కడికే పరిమితం అనుకున్నాం  మీకు అధికారం ఇస్తే రాష్ట్ర ప్రజలకందరికీ ఆ పరిస్థితి వస్తుందని అంటున్నావా …,against
ఏపీ సీఎం జగన్ నివాసంలో ఉగాది వేడుకలు,neutral
వైఎస్ జగన్ మోహన్దలిత ఎమ్మెల్యే చేతి మీద చిన్న గీత పడితే అంత ఓవర్ యాక్షన్ చేసావు? ఈ దలిత బిడ్డని అతి దారుణంగా చంపా…,against
తాడేపల్లిలోని నివాసంలో జరిగిన శ్రీ శోభకృత్ నామ ఉగాది వేడుకల్లో పాల్గొన్న ముఖ్యమంత్రి శ్రీ వైఎస్ జగన్ మోహన్ రెడ్డి దంపతులు…,neutral
ఏపీలో 250 కోట్లతో ఎలిస్టా ఎలక్ట్రానిక్స్ కంపెనీ పెట్టుబడులు,favour
"అన్నయ్య, వదినమ్మ",neutral
 ఉగాది వేడుకల్లో సీఎం జగన్‌ దంపతులు ,neutral
"-లాభం లేదు""దిష్టి చుక్క పెట్టాలి సామి మీకు జగన్ మోహన్",favour
"ఉగాది వేడుకలకు హాజరైన సీఎం శ్రీ వైయస్‌జగన్‌ దంపతులకు వేద ఆశీర్వచనం, తీర్ధ ప్రసాదాలను అందించిన తిరుమల తిరుపతి దేవస్ధా…",favour
విజువల్ ఆఫ్ ది డే,neutral
అన్న,neutral
ప్ర‌పంచ వ్యాప్తంగా ఉన్న తెలుగు ప్ర‌జ‌లంద‌రికీ శ్రీ శోభ‌కృత్ నామ సంవ‌త్స‌ర ఉగాది శుభాకాంక్ష‌లు,neutral
"తాడేప‌ల్లిలో ఉగాది సంబ‌రాలు శ్రీ శోభ‌కృత్ నామ సంవ‌త్స‌ర ఉగాది ప‌ర్వ‌దినం సంద‌ర్భంగా వేడుక‌లు ప‌ల్లె వాతావ‌ర‌ణం, సంస్కృతి-సం…",neutral
"ఉగాది వేడుక‌ల‌కు ముందు శ్రీ వెంక‌టేశ్వ‌ర ఆల‌యంలో పూజ‌లు నిర్వ‌హించి, అనంత‌రం పంచాంగ శ్ర‌వ‌ణంలో పాల్గొన్న సీఎం వైయ‌స్ జ‌గ‌న్…",neutral
సీఎం వైయ‌స్ జ‌గ‌న్ దంప‌తుల‌కు వేద ఆశీర్వ‌చ‌నం అంద‌జేసిన టీటీడీ వేద పండితులు ఉగాది పచ్చ‌డిని స్వీక‌రించిన సీఎం వైయ‌స్ జ‌గ‌న్…,neutral
"``శ్రీ శోభ‌కృత్ నామ సంవ‌త్స‌రంలో అన్నీ శుభాలు జ‌ర‌గాలి రైతులు, అక్క‌చెల్లెమ్మ‌లు, స‌క‌ల వృత్తుల వారు సంతోషంగా ఉండాల‌ని రా…",neutral
ఉగాది వేడుకల్లో ముఖ్యమంత్రి వైయస్ జగన్ దంపతులు,neutral
ముఖ్యమంత్రి క్యాంపు కార్యాలయ ప్రాంగణంలో ఘనంగా శోభకృత్‌ నామ ఉగాది వేడుకలు ఉగాది వేడుకలకు హాజరైన ముఖ్యమంత్రి శ్రీ వైయ…,neutral
ముఖ్యమంత్రి క్యాంపు కార్యాలయ ప్రాంగణంలో ఘనంగా శోభకృత్‌ నామ ఉగాది వేడుకలు,neutral
175 కి 175 సీట్లలో ముఖాముఖి ఒంటరిగా ఎదుర్కొనే సత్తా ప్రతిపక్షాలకు ఉందా? నాకు ధైర్యం ప్రజలే నా నమ్మకం మీరే నన్ను నడి…,favour
అభిమానం ్నవిద్యాదీవెన,favour
"-లాభం లేదు""దిష్టి చుక్క పెట్టాలి సామి మీకు జగన్ మోహన్",favour
వైయస్ఆర్ చేయూతతో మెరుగుపడుతున్న జీవితాలు జగనన్న ప్రభుత్వంలో వివిధ పథకాలతో లబ్ధి పొందుతున్న కుటుంబాలు జగన్ M…,favour
వైఎస్ జగన్ మోహన్దలిత ఎమ్మెల్యే చేతి మీద చిన్న గీత పడితే అంత ఓవర్ యాక్షన్ చేసావు? ఈ దలిత బిడ్డని అతి దారుణంగా చంపా…,against
"మనకు స్వాగతం కాద్సార్, ఈ పండక్కైనా జగనన్న ఇల్లు వస్తుందేమో, తోరణం కట్టుకుందామని ఎదురుచూస్తుందా పిచ్చితల్లి",neutral
తాడేపల్లి: సీఎం జగన్‌ నివాసంలో శోభకృత్‌ నామ ఉగాది వేడుకలు (ఫొటోలు) …,neutral
స్వామి దర్శనం,neutral
తెలుగింటి పర్వదినం,neutral
తెలంగాణ ప్రజలకి ఉగాది పర్వదిన శుభాకాంక్షలు శుభ కృత్ నామ సంవత్సరంలో తెలంగాణ ప్రజలకి మంచి రోజులు రాబోతున్నాయి ఈ ఏడాది భా…,neutral
కులం చిచ్చు పెట్టి ఓట్లు అడ్డుకునేవాడు ఎప్పటికీ నాయుకుడు కాలేడు ప్యాకేజ్ కోసం అలా పొడుగు బొట్టు పెట్టుకొని డ్రామాలు వే…,neutral
వైఎస్ జగన్ మోహన్దలిత ఎమ్మెల్యే చేతి మీద చిన్న గీత పడితే అంత ఓవర్ యాక్షన్ చేసావు? ఈ దలిత బిడ్డని అతి దారుణంగా చంపా…,against
వచ్చే ఎన్నికల్లో చుక్కలు చూపిస్తాంఆ ధైర్యంతోనే వైసీపీ ప్రభుత్వంపై చింతమనేని ఫైర్ …,against
"-లాభం లేదు""దిష్టి చుక్క పెట్టాలి సామి మీకు జగన్ మోహన్",favour
22-3-2023 రాష్ట్ర ప్రజలందరికీ ఉగాది శుభాకాంక్షలు ఉగాది వేడుక…,neutral
ఏపీ మహిళా ఉద్యోగులకు దేశం లో ఏ సీఎం చెప్పలేని గుడ్ న్యూస్ చెప్పిన జగన్ ,favour
"-లాభం లేదు""దిష్టి చుక్క పెట్టాలి సామి మీకు జగన్ మోహన్",favour
"-లాభం లేదు""దిష్టి చుక్క పెట్టాలి సామి మీకు జగన్ మోహన్",favour
జగనన్నతో శ్రీలక్ష్మిగారు,neutral
"-లాభం లేదు""దిష్టి చుక్క పెట్టాలి సామి మీకు జగన్ మోహన్",favour
శ్రీ శుభకృత్ నామ సంవత్సరం శుభాకాంక్షలు జగన్ vinama,neutral
"-లాభం లేదు""దిష్టి చుక్క పెట్టాలి సామి మీకు జగన్ మోహన్",favour
ఉగాది వేడుకలలో సీఎం జగనన్న తో పోసాని కృష్ణ మురళి ,neutral
జగన్ అరెస్ట్ చేసిన సమయం లో మాత్రం cbi దేవతా వస్త్రాలు కప్పుకుంది ఇప్పుడు మాత్రం మొండి మొల తో తిరుగుతుంది అంతేనా సువేరా గారూ,favour
పట్టభద్రుల ఎన్నికల ఓటింగ్ సరళి 2019 అసెంబ్లీ ఎన్నికలతో చూస్తే ఎలా ఉంది? MLC ఎన్నికల సరళిని ఆధారంగా చేసుకుని చూస్తే 2024 లో T…,favour
వాళ్ళు…,neutral
"పవన్ కళ్యాణ్ ఒక దండగ, కాపొడు వాళ్ళ వర్గం కే ఓటు వెయ్యాలని ఎక్కడ రాసి పెట్టలేదు మా ఓటు జగనన్నకే అంటున్న ప్రజలు htt…",neutral
ఏపీ ముఖ్యమంత్రి జగన్ దంపతులు ఉగాది వేడుకల్లో పాల్గొన్నారు …,neutral
అదే ఆంధ్ర…,neutral
2024 జనరల్ ఎలెక్షన్స్ లో మీ వోటు ఎవరికి?,neutral
మీకు మరియు మీ కుటుంబ సభ్యులకు *శ్రీ శోభకృత్ నామ సంవత్సర ఉగాది శుభాకాంక్షలు*,neutral
2024 జనరల్ ఎలెక్షన్స్ లో మీ వోటు ఎవరికి?,neutral
ఆంధ్ర…,neutral
"2024లో జగన్ రెడ్డి, పెద్దిరెడ్డి ఓటమి తథ్యం ",against
తెలంగాణ ప్రభుత్వానికి కోర్టులనుంచి అనుకూల తీర్పులు వస్తాయట మరి ఆంధ్రాలో ప్రభుత్వానికి ఏ తీర్పులు వస్తాయో బాబు గా…,neutral
దళిత ఎమ్మెల్యే లకి జగన్ భరోసా ,neutral
సీఎం జగన్: పిల్లల చదువులకు పేదరికం అడ్డురాకూడదు  …,favour
చంద్రబాబు పోయిండు జగన్ వంగిండు మోడీకి లొంగని ఏకైక పార్టీ కాబట్టే ఈడీ దాడి అసలు కుట్ర ఏంటో చె…,against
చంద్రబాబు పోయిండు జగన్ వంగిండు మోడీకి లొంగని ఏకైక పార్టీ కాబట్టే ఈడీ దాడి అసలు కుట్ర ఏంటో చె…,against
చంద్రబాబు పోయిండు జగన్ వంగిండు మోడీకి లొంగని ఏకైక పార్టీ కాబట్టే ఈడీ దాడి అసలు కుట్ర ఏంటో చె…,against
చంద్రబాబు పోయిండు జగన్ వంగిండు మోడీకి లొంగని ఏకైక పార్టీ కాబట్టే ఈడీ దాడి అసలు కుట్ర ఏంటో చె…,against
రాజ్యం మాదే పాలన మాదే,favour
1500 కోట్లతో ఏపీలో పెట్టుబడులు పెడుతున్న యాంప్లస్ సోలార్ కంపెనీ ఏటా 75 కిలో టన్నుల సామర్థ్యంతో గ్రీన్ హైడ్రోజెన్…,favour
నా లిప్స్ అంత it's red నాకు అలవాట్లు ఏమి లేవు అందుకే colour నేనేమీ లిప్స్టిక్ వాడను,neutral
"షడ్రుచుల సమ్మేళనంతో ప్రారంభమయ్యే ఉగాది తెలుగు లోగిళ్ళలో నూతన సంవత్సర శోభను తెస్తూ, కొత్త లక్ష్యాలకు, కొత్త ఆలోచనల…",neutral
రాష్ట్ర ప్రజలందరికీ శ్రీ శోభకృత్ నామ సంవత్సర ఉగాది శుభాకాంక్షలు ఈ నూతన సంవత్సరంలో రాష్ట్రంలోని ప్రతి ఇల్లు ఆయురా…,neutral
AP: సీఎం జగన్‌ నివాసంలో ఘనంగా ఉగాది వేడుకలు,neutral
వైఎస్ జగన్ మోహన్దలిత ఎమ్మెల్యే చేతి మీద చిన్న గీత పడితే అంత ఓవర్ యాక్షన్ చేసావు? ఈ దలిత బిడ్డని అతి దారుణంగా చంపా…,against
"మీకు, మీ కుటుంబ సభ్యులకు శ్రీ శోభకృత్ నామ సంవత్సర ఉగాది శుభాకాంక్షలు",neutral
"మీకు, మీ కుటుంబ సభ్యులకు శ్రీ శోభకృత్ నామ సంవత్సర ఉగాది శుభాకాంక్షలు",neutral
వైఎస్ జగన్ మోహన్దలిత ఎమ్మెల్యే చేతి మీద చిన్న గీత పడితే అంత ఓవర్ యాక్షన్ చేసావు? ఈ దలిత బిడ్డని అతి దారుణంగా చంపా…,against
శోభకృత్ నామ సంవత్సర ఉగాది శుభాకాంక్షలు జగన్ మోహన్,neutral
తెలుగు కుటుంబాలు శోభాయమానం కావాలి - JanaSena Shri,neutral
అందరికీ శోభకృత్ నామ ఉగాది శుభాకాంక్షలు ,neutral
"షడ్రుచుల సమ్మేళనంతో ప్రారంభమయ్యే ఉగాది తెలుగు లోగిళ్ళలో నూతన సంవత్సర శోభను తెస్తూ, కొత్త లక్ష్యాలకు, కొత్త ఆలోచనల…",neutral
నిరు­పేద కుటుంబానికి చెందిన 15ఏళ్ల బాలుడికి గుండె మార్పిడి శస్త్రచికిత్స చేసి టీటీడీ వారి శ్రీపద్మావ­తి చిన్న­పిల్ల…,neutral
వైఎస్ జగన్ మోహన్దలిత ఎమ్మెల్యే చేతి మీద చిన్న గీత పడితే అంత ఓవర్ యాక్షన్ చేసావు? ఈ దలిత బిడ్డని అతి దారుణంగా చంపా…,against
పట్టభద్రుల ఎన్నికల ఓటింగ్ సరళి 2019 అసెంబ్లీ ఎన్నికలతో చూస్తే ఎలా ఉంది? MLC ఎన్నికల సరళిని ఆధారంగా చేసుకుని చూస్తే 2024 లో T…,neutral
*తెలుగు రాష్ట్ర ప్రజలందరికీ శోభకృత్ నామ సంవత్సర ఉగాది శుభాకాంక్షలు* *తెలియజేసిన సీఎం జగన్ మోహన్ రెడ్డి గారు* Y…,neutral
"మామిడి పువ్వు పూతకొచ్చింది,కోయిల గొంతుకు కూత వచ్చింది,వేప కొమ్మకు పూవు మొలిచింది, పసిడి బెల్లం తోడు వచ్చింది, ఇంటి ఇంటికి…",neutral
మహానేత వైఎస్ఆర్ విగ్రహానికి పూలమాల వేసిన జగన్ అన్న,favour
జగన్anna Gorumudda-Ragi Java: బడి పిల్లలకు మరో పోషకాహారం ఉదయం పూట రాగి జావ (ఫొటోలు),neutral
పంచాంగ పఠనం చేసిన సుబ్బరామ సోమయాజి గారిని సన్మానించిన జగనన్న,favour
చంద్రబాబు పోయిండు జగన్ వంగిండు మోడీకి లొంగని ఏకైక పార్టీ కాబట్టే ఈడీ దాడి అసలు కుట్ర ఏంటో చె…,against
చంద్రబాబు పోయిండు జగన్ వంగిండు మోడీకి లొంగని ఏకైక పార్టీ కాబట్టే ఈడీ దాడి అసలు కుట్ర ఏంటో చె…,against
తెలుగు రాష్ట్ర ప్రజలందరికీ శోభకృత్ నామ సంవత్సర ఉగాది శుభాకాంక్షలు తెలియజేసిన సీఎం జగన్ మోహన్ రెడ్డి గారు YS J…,neutral
రాష్ట్ర ప్రజలకు ఉగాది పండుగ శుభాకాంక్షలు తెలిపిన జగనన్న,neutral
తన అద్భుతమైన గాత్రంతో జగనన్న దంపతుల మనసు గెలుచుకున్న చిన్నారి ,neutral
సింపుల్ గా రెండే రెండు ముక్కల్లో ఇదీ ఇద్దరి మధ్య వ్యత్యాసం,neutral
వైఎస్ జగన్ మోహన్దలిత ఎమ్మెల్యే చేతి మీద చిన్న గీత పడితే అంత ఓవర్ యాక్షన్ చేసావు? ఈ దలిత బిడ్డని అతి దారుణంగా చంపా…,against
సీఎం జగన్‌ నివాసంలో ఘనంగా ఉగాది వేడుకలు'',neutral
జై జగన్ మోహన్ రెడ్డి అన్న,favour
Ugi శుభాకాంక్షలు భా ఇంట్లోనే ఉగాది పచ్చడి చేసుకుని తినడం మంచిది,neutral
వైఎస్ జగన్ మోహన్దలిత ఎమ్మెల్యే చేతి మీద చిన్న గీత పడితే అంత ఓవర్ యాక్షన్ చేసావు? ఈ దలిత బిడ్డని అతి దారుణంగా చంపా…,against
వైఎస్ జగన్ మోహన్దలిత ఎమ్మెల్యే చేతి మీద చిన్న గీత పడితే అంత ఓవర్ యాక్షన్ చేసావు? ఈ దలిత బిడ్డని అతి దారుణంగా చంపా…,against
మొన్న కదిరి లో Nara Lokesh ఓపెన్ చేసిన అన్నా క్యాంటీన్ నిన్న మూసేసిన తెలుగు తమ్ముళ్లు వన్ డే ముచ్చట …,neutral
నా బావ కి కూడా పాము కరిచింది చనిపోయే వరకు వెళ్ళాడు ఆరోగ్యశ్రీ వల్ల ఫ్రీ గా చూసారు పెద్ద హాస్పిటల్ లో…,neutral
ఈ రోజు పద్దన్నే ఏరిగి ఈన్నే కడుక్కున్య నీళ్లు సల్లగుండాయి,neutral
చెట్లెక్కిన మామిడాకులు కోసినా యాప పూత తెంపినా మామిడికాయలు కోసిన కొట్టుకు పోయి బెల్లం తెచ్చినా కష్టపడ్డా చెమటో…,neutral
పప్పు గాడు,against
జగన్ మావయ్య ని నమ్మినట్టే గొర్రె కసాయి ని నమ్మినట్టు,against
వైఎస్ జగన్ మోహన్దలిత ఎమ్మెల్యే చేతి మీద చిన్న గీత పడితే అంత ఓవర్ యాక్షన్ చేసావు? ఈ దలిత బిడ్డని అతి దారుణంగా చంపా…,against
ప్రతి ఒక్కరి ఉజ్వల భవిష్యత్తుకు దోహదపడాలి జగన్ నివాసంలో ఉగాది వేడుకలు,against
వైఎస్ జగన్ మోహన్దలిత ఎమ్మెల్యే చేతి మీద చిన్న గీత పడితే అంత ఓవర్ యాక్షన్ చేసావు? ఈ దలిత బిడ్డని అతి దారుణంగా చంపా…,against
ఉగాది పండుగ వేడుకల్లో చిన్నారులతో జగనన్న,favour
అందరికీ శ్రీ శోభకృత్ నామ సంవత్సర ఉగాది శుభాకాంక్షలు - సీఎం శ్రీ వైఎస్ జగన్ మోహన్గారు …,neutral
వైఎస్ జగన్ మోహన్దలిత ఎమ్మెల్యే చేతి మీద చిన్న గీత పడితే అంత ఓవర్ యాక్షన్ చేసావు? ఈ దలిత బిడ్డని అతి దారుణంగా చంపా…,against
ఉగాది సంబరాల్లో కళాకారుల ప్రదర్శనను వీక్షిస్తున్న సీఎం జగన్ దంపతులు,neutral
రాష్ట్ర ప్రజలకు ఉగాది పండుగ శుభాకాంక్షలు తెలిపిన జగనన్న,favour
తెలుగు రాష్ట్రాల ప్రజలందరికీ శోభకృత నామ నూతన సంవత్సర శుభాకాంక్షలు,neutral
పట్టభద్రుల ఎన్నికల ఓటింగ్ సరళి 2019 అసెంబ్లీ ఎన్నికలతో చూస్తే ఎలా ఉంది? MLC ఎన్నికల సరళిని ఆధారంగా చేసుకుని చూస్తే 2024 లో T…,against
ఉగాది వేడుకల్లో పంచాంగ పఠనం చేసిన సుబ్బరామ సోమయాజి గారిని సన్మానించిన జగనన్న,favour
జగనన్న భారతమ్మ,favour
"ఉగాది వేడుకల్లో జగన్ దంపతులు, తెలుగుదనం ఉట్టిపడేలా సీఎం వస్త్రధారణ",favour
ప్ర‌పంచ వ్యాప్తంగా ఉన్న తెలుగు ప్ర‌జ‌లంద‌రికీ శ్రీ శోభ‌కృత్ నామ సంవ‌త్స‌ర ఉగాది శుభాకాంక్ష‌లు వైఎస్ జగన్ మోహన్Redd…,favour
రాష్ట్ర ప్రజలందరికీ ఉగాది శుభాకాంక్షలు,favour
రాష్ట్ర ప్రజలందరికీ శ్రీ శోభకృత్ నామ సంవత్సర ఉగాది శుభాకాంక్షలు ఈ నూతన సంవత్సరంలో రాష్ట్రంలోని ప్రతి ఇల్లు ఆయురారోగ్యా…,favour
ఈ ఉగాది తెలుగు ప్రజలందరికీ ఉప్పొంగే ఉత్సాహాలను చిగురించే సంతోషాలను విరబూసే వసంతాలను అందించాలని ఆకాంక్షిస్తూ శ్రీ శోభకృ…,favour
అందరికీ ఉగాది శుభాకాంక్షలు ,neutral
తెలుగు ప్ర‌జ‌లంద‌రికీ శ్రీ శోభ‌కృత్ నామ సంవ‌త్స‌ర ఉగాది శుభాకాంక్ష‌లు - మంత్రివర్యులు పెద్దిరెడ్డి రామచంద్రా రెడ్డి…,favour
"ఈ ఉగాది పండుగ అందరి జీవితాల్లో ఎనలేని ఆనందం, ఐశ్వర్యం తీసుకురావాలని ఆ భగవంతుడిని ప్రార్ధిస్తూ శ్రీ శోభ‌కృత్ నామ సంవత్సర…",neutral
కోయిలమ్మ రాగాలు మామిడి రుచులతో కొత్త సంవత్సరానికి స్వాగతం ఉగాది మీ ఆనందాలను రెట్టింపు చేయాలని మీరందరూ ఆయురారో…,neutral
"పౌరులందరికీ శ్రీ శోభకృత్ నామ సంవత్సర ఉగాది శుభాకాంక్షలు ఈ కొత్త సంవత్సరం మీకు సర్వ విధాల శుభాల‌నూ, విజయాల‌నూ,ఆయురారోగ్యా…",neutral
సోభకృత్ నామ ఉగాది శుభాకాంక్షలు ,neutral
రాష్ట్ర ప్రజలందరికీ ఉగాది శుభాకాంక్షలు - సీఎం జగన్,favour
తాడేపల్లిలోని నివాసంలో జరిగిన శ్రీ శోభకృత్ నామ ఉగాది వేడుకల్లో పాల్గొన్న ముఖ్యమంత్రి శ్రీ వైఎస్ జగన్ మోహన్ రెడ్డి దంపతులు…,favour
"రాష్ట్ర ప్రజలందరికీ ఉగాది శుభాకాంక్షలు శోభకృత్ నామ సంవత్సరంలో అన్నీ శుభాలు జరగాలని, రైతులకు మేలు కలగాలని, నా అక్కచెల్లెమ్మలు…",neutral
ఉగాది శుభాకాంక్షలు,neutral
అందరికీ ఉగాది శుభాకాంక్షలు,neutral
"ఈ ప్రభుత్వం అభివృద్ధి ,సంక్షేమంతో దూసుకుపోతుంది - వేద పండితులు",favour
ఉగాది వేడుకల్లో పాల్గొన్న కళాకారులను పలకిరిస్తున్న జగనన్న,favour
"మీకు , మీ కుటుంబ సభ్యులకు ఉగాది శుభాకాంక్షలు జగనన్న",neutral
ఉగాది వేడుకల్లో జగనన్న దంపతులు,favour
పంచాంగ శ్రవణం కార్యక్రమంలో పాల్గొన్న జగనన్న దంపతులు,favour
నూతన పంచాంగాన్ని ఆవిష్కరించిన జగనన్న,favour
రాష్ట్ర ప్రజలందరికీ శ్రీ శోభకృత్ నామ సంవత్సర ఉగాది శుభాకాంక్షలు ఈ నూతన సంవత్సరంలో రాష్ట్రంలోని ప్రతి ఇల్లు ఆయురారో…,neutral
రాష్ట్ర ప్రజలందరికీ శ్రీ శోభకృత్ నామ సంవత్సర ఉగాది శుభాకాంక్షలు ఈ నూతన సంవత్సరంలో రాష్ట్రంలోని ప్రతి ఇల్లు ఆయురా…,neutral
వైఎస్ జగన్ మోహన్దలిత ఎమ్మెల్యే చేతి మీద చిన్న గీత పడితే అంత ఓవర్ యాక్షన్ చేసావు? ఈ దలిత బిడ్డని అతి దారుణంగా చంపా…,against
"రాష్ట్ర ప్రజలందరికీ ఉగాది శుభాకాంక్షలు శోభకృత్ నామ సంవత్సరంలో అన్నీ శుభాలు జరగాలని, రైతులకు మేలు కలగాలని, నా అక్కచెల్లెమ్మలు…",neutral
ఉగాది పంచాంగంలో పాల్గొన్న జగన్ దంపతులు,neutral
"ఉగాది పర్వదినమున వేడుకల్లో పాల్గొన్న జగనన్న , భారతమ్మ",neutral
వైఎస్ఆర్ విగ్రహానికి పూలమాల వేసిన జగనన్న,favour
తులసి మొక్కకు పూజ చేసిన జగనన్న,favour
తెలుగు ప్రజలకు ఉగాది శుభాకాంక్షలు తెలిపిన సీఎం జగన్  సీఎం జగన్  CVR …,favour
జనసేన వలన మేం గెలవలేదు పిల్లి మాణిక్యాల రావు షాకింగ్ కామెంట్స్   Prime9 …,neutral
మీకు మీ కుటుంబానికి శోభకృత ఉగాది శుభాకాంక్షలు,neutral
"పిల్లలకు మంచి మేనమామలా, పిల్లల తల్లులకు మంచి అన్నలా ఈ కార్యక్రమాన్ని చేపడుతున్నాం మనం చేయకపోతే ఇంకెవరు చేస్తారన్న మం…",favour
ఉగాది వేడుకలు పాల్గొన్న జగనన్న దంపతులు,favour
వైఎస్ జగన్ మోహన్దలిత ఎమ్మెల్యే చేతి మీద చిన్న గీత పడితే అంత ఓవర్ యాక్షన్ చేసావు? ఈ దలిత బిడ్డని అతి దారుణంగా చంపా…,against
ప్ర‌పంచ వ్యాప్తంగా ఉన్న తెలుగు ప్ర‌జ‌లంద‌రికీ శ్రీ శోభ‌కృత్ నామ సంవ‌త్స‌ర ఉగాది శుభాకాంక్ష‌లు …,neutral
"గ్రాఫిక్స్ లో చూపింది ఏంటి, కట్టింది ఏంటి సోంబేరు ? నీ పరిపాలనాలాగా చెత్తగా ఉందీ జగన్  …",against
"మాది పేద కుటుంబం, నా అల్లుడు జగనన్న వల్లే బతికాడు",favour
"పిల్లలకు మంచి మేనమామలా, పిల్లల తల్లులకు మంచి అన్నలా ఈ కార్యక్రమాన్ని చేపడుతున్నాం మనం చేయకపోతే ఇంకెవరు చేస్తార…",favour
"షడ్రుచుల సమ్మేళనంతో ప్రారంభమయ్యే ఉగాది తెలుగు లోగిళ్ళలో నూతన సంవత్సర శోభను తెస్తూ, కొత్త లక్ష్యాలకు, కొత్త ఆలోచనల…",neutral
ఉగాది శభాకాంక్షలు అన్న,neutral
"అమరావతి: తాడేపల్లిలోని ముఖ్యమంత్రి జగన్ ఇంట ఉగాది వేడుకలు -పాల్గొననున్న ముఖ్యమంత్రి దంపతులు వైఎస్ జగన్, వైఎస్ భారతి…",favour
రాష్ట్ర ప్రజలందరికీ శ్రీ శోభకృత్ నామ సంవత్సర ఉగాది శుభాకాంక్షలు ఈ నూతన సంవత్సరంలో రాష్ట్రంలోని ప్రతి ఇల్లు ఆయురా…,neutral
"రాష్ట్ర ప్రజలందరికీ ఉగాది శుభాకాంక్షలు శోభకృత్ నామ సంవత్సరంలో అన్నీ శుభాలు జరగాలని, రైతులకు మేలు కలగాలని, నా అక్కచెల్లెమ్మలు…",neutral
వైఎస్ జగన్ మోహన్దలిత ఎమ్మెల్యే చేతి మీద చిన్న గీత పడితే అంత ఓవర్ యాక్షన్ చేసావు? ఈ దలిత బిడ్డని అతి దారుణంగా చంపా…,against
"జగన్ మామ మకు అన్ని ఇస్తున్నారు బ్యాగ్, షు బుక్స్చంద్రబాబు మాకు ఏమి ఇవ్వలేదు",favour
వైఎస్ జగన్ మోహన్దలిత ఎమ్మెల్యే చేతి మీద చిన్న గీత పడితే అంత ఓవర్ యాక్షన్ చేసావు? ఈ దలిత బిడ్డని అతి దారుణంగా చంపా…,against
ఏపీలో ఆసక్తికరంగా ఎమ్మెల్యే కోటా ఎమ్మెల్సీ ఎన్నికలు -,neutral
వైఎస్ జగన్ మోహన్దలిత ఎమ్మెల్యే చేతి మీద చిన్న గీత పడితే అంత ఓవర్ యాక్షన్ చేసావు? ఈ దలిత బిడ్డని అతి దారుణంగా చంపా…,against
లోను కావాలంటే నా కాళ్ళు పట్టుకో అన్నారు టీడీపీ వాళ్లు,against
"మాది పేద కుటుంబం, నా అల్లుడు జగనన్న వల్లే బతికాడు",favour
గుండెల్లో నుంచి వచ్చే అభిమానం అంటే బహుశా ఇదేనేమో,favour
ప్ర‌పంచ వ్యాప్తంగా ఉన్న తెలుగు ప్ర‌జ‌లంద‌రికీ శ్రీ శోభ‌కృత్ నామ సంవ‌త్స‌ర ఉగాది శుభాకాంక్ష‌లు వైఎస్ జగన్ మోహన్Reddy…,favour
వైఎస్ జగన్ మోహన్దలిత ఎమ్మెల్యే చేతి మీద చిన్న గీత పడితే అంత ఓవర్ యాక్షన్ చేసావు? ఈ దలిత బిడ్డని అతి దారుణంగా చంపా…,favour
"కాలం పరుగులో మరో మైలురాయి ఈ కొత్త ఏడాది గతించిన కాలాన్ని మరిచిపోయి, కొత్త ఏడాదికి ఘన స్వాగతం పలుకుతూ,ఈ ఏడాది పొడవనా విజయం, అ…",against
వైఎస్ జగన్ మోహన్దలిత ఎమ్మెల్యే చేతి మీద చిన్న గీత పడితే అంత ఓవర్ యాక్షన్ చేసావు? ఈ దలిత బిడ్డని అతి దారుణంగా చంపా…,against
వైఎస్ జగన్ మోహన్దలిత ఎమ్మెల్యే చేతి మీద చిన్న గీత పడితే అంత ఓవర్ యాక్షన్ చేసావు? ఈ దలిత బిడ్డని అతి దారుణంగా చంపా…,against
పిల్లల విషయంలో 2014-2019 ఉన్న అతను పెద్దగా చేసింది ఏంలేదు but జగన్ మాత్రం పిల్లల కోసం పర్లేదు బానే చేస్తున్నాడు ఇప్పటి…,favour
వైఎస్ జగన్ మోహన్దలిత ఎమ్మెల్యే చేతి మీద చిన్న గీత పడితే అంత ఓవర్ యాక్షన్ చేసావు? ఈ దలిత బిడ్డని అతి దారుణంగా చంపా…,against
రోల్ మోడల్ జగనన్న,favour
జగన్ రాష్ట్ర ప్రజలకి ysrcp అభిమానులకు కార్యకర్తలకు ఉగాది శుభాకాంక్షలు,favour
నూతన సంవత్సర శుభాకాంక్షలు సార్,favour
"కాలం పరుగులో మరో మైలురాయి ఈ కొత్త ఏడాది గతించిన కాలాన్ని మరిచిపోయి, కొత్త ఏడాదికి ఘన స్వాగతం పలుకుతూ,ఈ ఏడాది పొడవనా విజయం, అ…",favour
"Details Thre బట్టబయలు అయినా పవన్ కళ్యాణ్ అక్రమా సంబంధం రంగలోకి చిరంజీవి, నాగబాబు ఆసలు ఎవరూ ఆ జనసేన వీరా మ…",favour
ప్ర‌పంచ వ్యాప్తంగా ఉన్న తెలుగు ప్ర‌జ‌లంద‌రికీ శ్రీ శోభ‌కృత్ నామ సంవ‌త్స‌ర ఉగాది శుభాకాంక్ష‌లు,favour
"జగన్ మామ మకు అన్ని ఇస్తున్నారు బ్యాగ్, షు బుక్స్చంద్రబాబు మాకు ఏమి ఇవ్వలేదు",favour
విశ్వ నాయకుడు,favour
భావితరం కోసమే ప్రభుత్వ బడుల్లో విప్లవాత్మక సంస్కరణలు అమలు,favour
అంగ‌న్‌వాడీ కార్య‌క‌ర్త‌లు ధ‌ర్నా చేస్తే వారిని గుర్రాల‌తో తొక్కించిన చ‌రిత్ర మీది అప్పుడు ఆ విష‌యాన్ని ప‌ట్టించుకోలేదు ఎ…,favour
జగనన్న గోరుముద్దలో భాగంగా విద్యార్థులకు అదనంగా రాగిజావ,favour
ఉగాది శుాబాకాంక్షలు సార్,favour
జగన్ Wishes: రాష్ట్రం సుభిక్షంగా ఉండాలి సిఎం శుభాకాంక్షలు,favour
వైఎస్ జగన్ మోహన్దలిత ఎమ్మెల్యే చేతి మీద చిన్న గీత పడితే అంత ఓవర్ యాక్షన్ చేసావు? ఈ దలిత బిడ్డని అతి దారుణంగా చంపా…,favour
మీకు మీ కుటుంబానికి శోభకృత ఉగాది శుభాకాంక్షలు,favour
తెలుగువారందరికీ శుభాకాంక్షలు ఈ శోభకృత్ నామ సంవత్సరం మీ అందరి జీవితాలలో ప్రగతి శోభను నింపాలి కొత్త సంవత్సరం…,favour
రాష్ట్ర ప్రజలందరికీ శ్రీ శోభకృత్ నామ సంవత్సర ఉగాది శుభాకాంక్షలు ఈ నూతన సంవత్సరంలో రాష్ట్రంలోని ప్రతి ఇల్లు ఆయురా…,favour
రాష్ట్ర ప్రజలందరికీ శ్రీ శోభకృత్ నామ సంవత్సర ఉగాది శుభాకాంక్షలు ఈ నూతన సంవత్సరంలో రాష్ట్రంలోని ప్రతి ఇల్లు ఆయురా…,favour
జగన్ మనకు దేశాలు దాటి కూడా మన ఆర్టిస్ట్ లు ఉన్నారా దేవుడా,favour
చూస్తూచూస్తూonr year ఈ రోజు పబ్లో పచ్చడి,neutral
జగన్ రెడ్డి 17 కోట్ల colleges పెట్టాడట Avi నిర్మాణం లో వున్నాయట లండన్ మందులు పడలేదు అనుకుంటా?,against
వైఎస్ జగన్ మోహన్దలిత ఎమ్మెల్యే చేతి మీద చిన్న గీత పడితే అంత ఓవర్ యాక్షన్ చేసావు? ఈ దలిత బిడ్డని అతి దారుణంగా చంపా…,against
"అదే సహనం అదే సంయమనం  అదే చిరునవ్వు అదే ఆత్మస్థైర్యం సానుభూతి అనే పదాన్ని వాడుకోవాలంటే, జగనన్నకి ఉన్నంత అవకాశం…",favour
"""AP- జగనన్న దార్శనికతతో ఆంధ్రప్రదేశ్ పారిశ్రామిక వేత్తలకు సరికొత్త హాట్‌స్పాట్‌గా మారింది """,favour
పట్టభద్రుల ఎన్నికల ఓటింగ్ సరళి 2019 అసెంబ్లీ ఎన్నికలతో చూస్తే ఎలా ఉంది? MLC ఎన్నికల సరళిని ఆధారంగా చేసుకుని చూస్తే 2024 లో T…,favour
జగన్ రెడ్డి 17 కోట్ల colleges పెట్టాడట Avi నిర్మాణం లో వున్నాయట లండన్ మందులు పడలేదు అనుకుంటా?,against
వైఎస్ జగన్ మోహన్దలిత ఎమ్మెల్యే చేతి మీద చిన్న గీత పడితే అంత ఓవర్ యాక్షన్ చేసావు? ఈ దలిత బిడ్డని అతి దారుణంగా చంపా…,against
వైసీపీతో బీజేపీ కలిసిపోయిందనే ప్రచారం నష్టం చేసింది: బీజేపీ నేత మాధవ్‌ …,favour
పట్టభద్రుల ఎన్నికల ఓటింగ్ సరళి 2019 అసెంబ్లీ ఎన్నికలతో చూస్తే ఎలా ఉంది? MLC ఎన్నికల సరళిని ఆధారంగా చేసుకుని చూస్తే 2024 లో T…,neutral
పట్టభద్రుల ఎన్నికల ఓటింగ్ సరళి 2019 అసెంబ్లీ ఎన్నికలతో చూస్తే ఎలా ఉంది? MLC ఎన్నికల సరళిని ఆధారంగా చేసుకుని చూస్తే 2024 లో T…,neutral
పట్టభద్రుల ఎన్నికల ఓటింగ్ సరళి 2019 అసెంబ్లీ ఎన్నికలతో చూస్తే ఎలా ఉంది? MLC ఎన్నికల సరళిని ఆధారంగా చేసుకుని చూస్తే 2024 లో T…,neutral
పట్టభద్రుల ఎన్నికల ఓటింగ్ సరళి 2019 అసెంబ్లీ ఎన్నికలతో చూస్తే ఎలా ఉంది? MLC ఎన్నికల సరళిని ఆధారంగా చేసుకుని చూస్తే 2024 లో T…,neutral
పట్టభద్రుల ఎన్నికల ఓటింగ్ సరళి 2019 అసెంబ్లీ ఎన్నికలతో చూస్తే ఎలా ఉంది? MLC ఎన్నికల సరళిని ఆధారంగా చేసుకుని చూస్తే 2024 లో T…,neutral
వెళ్ళండ్రా బాబు వెళ్ళండి  …,neutral
వైఎస్ జగన్ మోహన్దలిత ఎమ్మెల్యే చేతి మీద చిన్న గీత పడితే అంత ఓవర్ యాక్షన్ చేసావు? ఈ దలిత బిడ్డని అతి దారుణంగా చంపా…,neutral
వైఎస్ జగన్ మోహన్దలిత ఎమ్మెల్యే చేతి మీద చిన్న గీత పడితే అంత ఓవర్ యాక్షన్ చేసావు? ఈ దలిత బిడ్డని అతి దారుణంగా చంపా…,against
వైఎస్ జగన్ మోహన్దలిత ఎమ్మెల్యే చేతి మీద చిన్న గీత పడితే అంత ఓవర్ యాక్షన్ చేసావు? ఈ దలిత బిడ్డని అతి దారుణంగా చంపా…,against
జగన్ గాడి నోటిలో నీ మోడ్డ ఇరికింద,against
వైఎస్ జగన్ మోహన్దలిత ఎమ్మెల్యే చేతి మీద చిన్న గీత పడితే అంత ఓవర్ యాక్షన్ చేసావు? ఈ దలిత బిడ్డని అతి దారుణంగా చంపా…,against
పట్టభద్రుల ఎన్నికల ఓటింగ్ సరళి 2019 అసెంబ్లీ ఎన్నికలతో చూస్తే ఎలా ఉంది? MLC ఎన్నికల సరళిని ఆధారంగా చేసుకుని చూస్తే 2024 లో T…,favour
Ap సీఎం ys జగన్ మోహన్ గారికి మరియు తెలుగు ప్రేక్షకులకు వైఎస్సార్సీపీ అభిమానులకు కార్యకర్తలకు ఉగాది శుభకాం…,favour
"ఏపీ, తెలంగాణ రాజకీయ సమస్యలు… స్వయంకృతమేగా? రెండు తెలుగు రాష్ట్రాలలో చాలా విచిత్రమైన రాజకీయ పరిస్థితులు నెలకొని ఉన్నాయి ఇందు…",favour
"దత్తపుత్రుడు కి కూడా ఒక గుడ్డు, ఒక గ్లాస్ రాగి జావ పంపించండి జగన్ గారూ?",favour
జగన్ govt ఫిక్స్ డ్ డిపాజిట్లు డ్రా చేసైనా నిధులకు జమచేయండి ఫిక్స్ డ్ డిపాజిట్లు డ్రా చేసి 2 వారాల్లో 45 కోట్లు…,favour
పబ్ కి కాదు గుడారానికి,favour
వైఎస్ జగన్ మోహన్దలిత ఎమ్మెల్యే చేతి మీద చిన్న గీత పడితే అంత ఓవర్ యాక్షన్ చేసావు? ఈ దలిత బిడ్డని అతి దారుణంగా చంపా…,against
వైఎస్ జగన్ మోహన్దలిత ఎమ్మెల్యే చేతి మీద చిన్న గీత పడితే అంత ఓవర్ యాక్షన్ చేసావు? ఈ దలిత బిడ్డని అతి దారుణంగా…,against
మన అమాత్యుల వారి జ్ఞానం ఇట్లుంటదిఇట్లటోళ్లు గద్దెనెక్కితే లీకులెందుకు కావు? వీళ్లు ఇట్ల దొడ్డి దారిన ఎంతమందిని పాస్…,against
వైఎస్ జగన్ మోహన్దలిత ఎమ్మెల్యే చేతి మీద చిన్న గీత పడితే అంత ఓవర్ యాక్షన్ చేసావు? ఈ దలిత బిడ్డని అతి దారుణంగా చంపా…,against
వైఎస్ జగన్ మోహన్దలిత ఎమ్మెల్యే చేతి మీద చిన్న గీత పడితే అంత ఓవర్ యాక్షన్ చేసావు? ఈ దలిత బిడ్డని అతి దారుణంగా చంపా…,against
"ఏపీ, తెలంగాణ రాజకీయ సమస్యలు… స్వయంకృతమేగా? రెండు తెలుగు రాష్ట్రాలలో చాలా విచిత్రమైన రాజకీయ పరిస్థితులు నెలకొని ఉన్నాయి ఇందు…",against
వైఎస్ జగన్ మోహన్దలిత ఎమ్మెల్యే చేతి మీద చిన్న గీత పడితే అంత ఓవర్ యాక్షన్ చేసావు? ఈ దలిత బిడ్డని అతి దారుణంగా చంపా…,against
మేము భయలుదేరుతున్నాం,favour
"మాలాంటి వారికి ఏం అవసరం జగన్ నా దగ్గర అంతో ఇంతో మంచి ఉంది, వీడు కష్టపడుచున్నానని కదా సమాజం నాతో నడుస్తూ ఉంది…",favour
వైఎస్ జగన్ మోహన్దలిత ఎమ్మెల్యే చేతి మీద చిన్న గీత పడితే అంత ఓవర్ యాక్షన్ చేసావు? ఈ దలిత బిడ్డని అతి దారుణంగా చంపా…,favour
రాడిసన్ పబ్బే కదా,favour
వైఎస్ జగన్ మోహన్దలిత ఎమ్మెల్యే చేతి మీద చిన్న గీత పడితే అంత ఓవర్ యాక్షన్ చేసావు? ఈ దలిత బిడ్డని అతి దారుణంగా చంపా…,favour
"ఏపీ, తెలంగాణ రాజకీయ సమస్యలు… స్వయంకృతమేగా? రెండు తెలుగు రాష్ట్రాలలో చాలా విచిత్రమైన రాజకీయ పరిస్థితులు నెలకొని ఉ…",favour
విశాఖ మెట్రో రైల్ ప్రాజెక్టు పట్ల వైఎస్ జగన్ మోహన్ప్రభుత్వ తీవ్ర నిర్లక్ష్యం కనీస ప్రతిపాదనకు కూడా నోచుకోని వైనం రా…,favour
ఏ పబ్బో చెబితే మేము కూడా వెళ్తాం,favour
వైఎస్ జగన్ మోహన్దలిత ఎమ్మెల్యే చేతి మీద చిన్న గీత పడితే అంత ఓవర్ యాక్షన్ చేసావు? ఈ దలిత బిడ్డని అతి దారుణంగా చంపా…,favour
వైఎస్ జగన్ మోహన్దలిత ఎమ్మెల్యే చేతి మీద చిన్న గీత పడితే అంత ఓవర్ యాక్షన్ చేసావు? ఈ దలిత బిడ్డని అతి దారుణంగా చంపా…,against
వైఎస్ జగన్ మోహన్దలిత ఎమ్మెల్యే చేతి మీద చిన్న గీత పడితే అంత ఓవర్ యాక్షన్ చేసావు? ఈ దలిత బిడ్డని అతి దారుణంగా చంపా…,against
ఒరేయ్ శుంఠ మీ పార్టీలో ఉండే కొందరు ఫేక్ లు పెట్టుకొని జగన్ trends అన్ని alage జగన్ అన్ని పెట్టుకొ…,against
వైఎస్ జగన్ మోహన్దలిత ఎమ్మెల్యే చేతి మీద చిన్న గీత పడితే అంత ఓవర్ యాక్షన్ చేసావు? ఈ దలిత బిడ్డని అతి దారుణంగా చంపా…,against
జగనన్న కోసం సైనికులు లాగా కష్టపడే వాళ్ళు లక్షల్లో అభిమానులు ఉన్నారు - ప్రకాష్ రెడ్డి,against
"బాలకృష్ణకు,అచ్చెన్నాయుడుకి సామాన్య మహిళల కౌంటర్",against
ఆ వెంకట్ రెడ్డి ఉంటే డిబేట్…,neutral
వైఎస్ జగన్ మోహన్దలిత ఎమ్మెల్యే చేతి మీద చిన్న గీత పడితే అంత ఓవర్ యాక్షన్ చేసావు? ఈ దలిత బిడ్డని అతి దారుణంగా చంపా…,against
AP ఎడమచేత్తో అగ్రిమెంట్లు రాసి - కుడిచేత్తో డబ్బులు కొట్టేయాలి,against
వైఎస్ జగన్ మోహన్దలిత ఎమ్మెల్యే చేతి మీద చిన్న గీత పడితే అంత ఓవర్ యాక్షన్ చేసావు? ఈ దలిత బిడ్డని అతి దారుణంగా చంపా…,against
వైఎస్ జగన్ మోహన్దలిత ఎమ్మెల్యే చేతి మీద చిన్న గీత పడితే అంత ఓవర్ యాక్షన్ చేసావు? ఈ దలిత బిడ్డని అతి దారుణంగా చంపా…,against
ఈ అవ్వ మాటలు వింటే చంద్రబాబు మళ్ళీ ఏడవడం ఖాయం,favour
పట్టభద్రుల ఎన్నికల ఓటింగ్ సరళి 2019 అసెంబ్లీ ఎన్నికలతో చూస్తే ఎలా ఉంది? MLC ఎన్నికల సరళిని ఆధారంగా చేసుకుని చూస్తే 2024 లో T…,favour
పట్టభద్రుల ఎన్నికల ఓటింగ్ సరళి 2019 అసెంబ్లీ ఎన్నికలతో చూస్తే ఎలా ఉంది? MLC ఎన్నికల సరళిని ఆధారంగా చేసుకుని చూస్తే 2024 లో T…,favour
పట్టభద్రుల ఎన్నికల ఓటింగ్ సరళి 2019 అసెంబ్లీ ఎన్నికలతో చూస్తే ఎలా ఉంది? MLC ఎన్నికల సరళిని ఆధారంగా చేసుకుని చూ…,favour
వైఎస్ జగన్ మోహన్దలిత ఎమ్మెల్యే చేతి మీద చిన్న గీత పడితే అంత ఓవర్ యాక్షన్ చేసావు? ఈ దలిత బిడ్డని అతి దారుణంగా చంపా…,against
శ్రీ వైఎస్ జగన్ మోహన్ రెడ్డి సార్ శ్రీ రామ చంద్ర మూర్తి లాగ మంచి పరిపాలన చేస్తూ ఉన్నాడు కాబట్టి భారతదేశం మొత్తం ఇ…,favour
"అదే సహనం అదే సంయమనం  అదే చిరునవ్వు అదే ఆత్మస్థైర్యం సానుభూతి అనే పదాన్ని వాడుకోవాలంటే, జగనన్నకి ఉన్నంత అవకాశం…",favour
వైఎస్ జగన్ మోహన్దలిత ఎమ్మెల్యే చేతి మీద చిన్న గీత పడితే అంత ఓవర్ యాక్షన్ చేసావు? ఈ దలిత బిడ్డని అతి దారుణంగా చంపా…,against
వైఎస్ జగన్ మోహన్దలిత ఎమ్మెల్యే చేతి మీద చిన్న గీత పడితే అంత ఓవర్ యాక్షన్ చేసావు? ఈ దలిత బిడ్డని అతి దారుణంగా చంపా…,against
వైఎస్ జగన్ మోహన్దలిత ఎమ్మెల్యే చేతి మీద చిన్న గీత పడితే అంత ఓవర్ యాక్షన్ చేసావు? ఈ దలిత బిడ్డని అతి దారుణంగా చంపా…,against
"అదే సహనం అదే సంయమనం  అదే చిరునవ్వు అదే ఆత్మస్థైర్యం సానుభూతి అనే పదాన్ని వాడుకోవాలంటే, జగనన్నకి ఉన్నంత అవకాశం…",favour
వైఎస్ జగన్ మోహన్దలిత ఎమ్మెల్యే చేతి మీద చిన్న గీత పడితే అంత ఓవర్ యాక్షన్ చేసావు? ఈ దలిత బిడ్డని అతి దారుణంగా చంపా…,against
వైఎస్ జగన్ మోహన్దలిత ఎమ్మెల్యే చేతి మీద చిన్న గీత పడితే అంత ఓవర్ యాక్షన్ చేసావు? ఈ దలిత బిడ్డని అతి దారుణంగా చంపా…,against
వైఎస్ జగన్ మోహన్దలిత ఎమ్మెల్యే చేతి మీద చిన్న గీత పడితే అంత ఓవర్ యాక్షన్ చేసావు? ఈ దలిత బిడ్డని అతి దారుణంగా చంపా…,against
వైఎస్ జగన్ మోహన్దలిత ఎమ్మెల్యే చేతి మీద చిన్న గీత పడితే అంత ఓవర్ యాక్షన్ చేసావు? ఈ దలిత బిడ్డని అతి దారుణంగా చంపా…,against
విశాఖ మెట్రో రైల్ ప్రాజెక్టు పట్ల వైఎస్ జగన్ మోహన్ప్రభుత్వ తీవ్ర నిర్లక్ష్యం కనీస ప్రతిపాదనకు కూడా నోచుకోని వైనం రా…,against
"అదే సహనం అదే సంయమనం  అదే చిరునవ్వు అదే ఆత్మస్థైర్యం సానుభూతి అనే పదాన్ని వాడుకోవాలంటే, జగనన్నకి ఉన్నంత అవకాశం…",favour
వైఎస్ జగన్ మోహన్దలిత ఎమ్మెల్యే చేతి మీద చిన్న గీత పడితే అంత ఓవర్ యాక్షన్ చేసావు? ఈ దలిత బిడ్డని అతి దారుణంగా చంపా…,against
వైఎస్ జగన్ మోహన్దలిత ఎమ్మెల్యే చేతి మీద చిన్న గీత పడితే అంత ఓవర్ యాక్షన్ చేసావు? ఈ దలిత బిడ్డని అతి దారుణంగా చంపా…,against
"అదే సహనం అదే సంయమనం  అదే చిరునవ్వు అదే ఆత్మస్థైర్యం సానుభూతి అనే పదాన్ని వాడుకోవాలంటే, జగనన్నకి ఉన్నంత అవకాశం…",favour
మహేష్ అన్న ప్లేస్ లో జగన్ అన్నని ఊహించుకుంటున్నా ముసలోడు ఎవరు మీరు చెప్పండి?,favour
జగనన్నకు చెబుదాం,favour
"అదే సహనం అదే సంయమనం  అదే చిరునవ్వు అదే ఆత్మస్థైర్యం సానుభూతి అనే పదాన్ని వాడుకోవాలంటే, జగనన్నకి ఉన్నంత అవకాశం…",favour
"ఓకె ఫ్రేమ్ లో కొడాలి నాని,పేర్నినాని",neutral
వైఎస్ జగన్ మోహన్దలిత ఎమ్మెల్యే చేతి మీద చిన్న గీత పడితే అంత ఓవర్ యాక్షన్ చేసావు? ఈ దలిత బిడ్డని అతి దారుణంగా చంపా…,against
ప్రతి ఫ్రేం లో జగన్ కనిపించదా అక్కడ డాక్టర్స్ కి చుపించుకొండిమీ dr తీ…,neutral
వైఎస్ జగన్ మోహన్దలిత ఎమ్మెల్యే చేతి మీద చిన్న గీత పడితే అంత ఓవర్ యాక్షన్ చేసావు? ఈ దలిత బిడ్డని అతి దారుణంగా చంపా…,against
"అదే సహనం అదే సంయమనం  అదే చిరునవ్వు అదే ఆత్మస్థైర్యం సానుభూతి అనే పదాన్ని వాడుకోవాలంటే, జగనన్నకి ఉన్నంత అవకాశం…",favour
తెలుగు ప్ర‌జ‌ల‌కు సీఎం జ‌గ‌న్ ఉగాది శుభాకాంక్షలు,neutral
తెలుగు ప్రజలకు ఉగాది శుభాకాంక్షలు సీఎం జగన్,favour
వైఎస్ జగన్ మోహన్దలిత ఎమ్మెల్యే చేతి మీద చిన్న గీత పడితే అంత ఓవర్ యాక్షన్ చేసావు? ఈ దలిత బిడ్డని అతి దారుణంగా చంపా…,against
వైఎస్ జగన్ మోహన్దలిత ఎమ్మెల్యే చేతి మీద చిన్న గీత పడితే అంత ఓవర్ యాక్షన్ చేసావు? ఈ దలిత బిడ్డని అతి దారుణంగా చంపా…,against
వైఎస్ జగన్ మోహన్దలిత ఎమ్మెల్యే చేతి మీద చిన్న గీత పడితే అంత ఓవర్ యాక్షన్ చేసావు? ఈ దలిత బిడ్డని అతి దారుణంగా చంపా…,against
వైఎస్ జగన్ మోహన్దలిత ఎమ్మెల్యే చేతి మీద చిన్న గీత పడితే అంత ఓవర్ యాక్షన్ చేసావు? ఈ దలిత బిడ్డని అతి దారుణంగా చంపా…,against
వైఎస్ జగన్ మోహన్దలిత ఎమ్మెల్యే చేతి మీద చిన్న గీత పడితే అంత ఓవర్ యాక్షన్ చేసావు? ఈ దలిత బిడ్డని అతి దారుణంగా చంపా…,against
వైఎస్ జగన్ మోహన్దలిత ఎమ్మెల్యే చేతి మీద చిన్న గీత పడితే అంత ఓవర్ యాక్షన్ చేసావు? ఈ దలిత బిడ్డని అతి దారుణంగా చంపా…,against
వైఎస్ జగన్ మోహన్దలిత ఎమ్మెల్యే చేతి మీద చిన్న గీత పడితే అంత ఓవర్ యాక్షన్ చేసావు? ఈ దలిత బిడ్డని అతి దారుణంగా చంపా…,against
వైఎస్ జగన్ మోహన్దలిత ఎమ్మెల్యే చేతి మీద చిన్న గీత పడితే అంత ఓవర్ యాక్షన్ చేసావు? ఈ దలిత బిడ్డని అతి దారుణంగా చంపా…,against
వైఎస్ జగన్ మోహన్దలిత ఎమ్మెల్యే చేతి మీద చిన్న గీత పడితే అంత ఓవర్ యాక్షన్ చేసావు? ఈ దలిత బిడ్డని అతి దారుణంగా చంపా…,against
వైఎస్ జగన్ మోహన్దలిత ఎమ్మెల్యే చేతి మీద చిన్న గీత పడితే అంత ఓవర్ యాక్షన్ చేసావు? ఈ దలిత బిడ్డని అతి దారుణంగా చంపా…,against
వైఎస్ జగన్ మోహన్దలిత ఎమ్మెల్యే చేతి మీద చిన్న గీత పడితే అంత ఓవర్ యాక్షన్ చేసావు? ఈ దలిత బిడ్డని అతి దారుణంగా చంపా…,against
బండి సంజయ్‌కు సిట్ నోటీసులు TSPSC పేపర్ లీక్ కేసులోఒక ఊరిలో ఎక్కువ మందికి ర్యాంకులు వచ్చాయని ఆరోపణలు చేసిన బండి సం…,favour
బండి సంజయ్‌కు సిట్ నోటీసులు TSPSC పేపర్ లీక్ కేసులోఒక ఊరిలో ఎక్కువ మందికి ర్యాంకులు వచ్చాయని ఆరోపణలు చేసిన బండి సంజయ్‌కు ఈ…,favour
వైఎస్ జగన్ మోహన్దలిత ఎమ్మెల్యే చేతి మీద చిన్న గీత పడితే అంత ఓవర్ యాక్షన్ చేసావు? ఈ దలిత బిడ్డని అతి దారుణంగా చంపా…,against
వైఎస్ జగన్ మోహన్దలిత ఎమ్మెల్యే చేతి మీద చిన్న గీత పడితే అంత ఓవర్ యాక్షన్ చేసావు? ఈ దలిత బిడ్డని అతి దారుణంగా చంపా…,against
వైఎస్ జగన్ మోహన్దలిత ఎమ్మెల్యే చేతి మీద చిన్న గీత పడితే అంత ఓవర్ యాక్షన్ చేసావు? ఈ దలిత బిడ్డని అతి దారుణంగా చంపా…,against
"అటు బీజేపీ తో జనసేన బ్రేకప్, ఇటు టీడీపీ తో పొత్తు పాయే చంద్రబాబు పై కీలక వ్యాఖ్యలు చేసిన హరిరామ జోగయ్య",against
వైఎస్ జగన్ మోహన్దలిత ఎమ్మెల్యే చేతి మీద చిన్న గీత పడితే అంత ఓవర్ యాక్షన్ చేసావు? ఈ దలిత బిడ్డని అతి దారుణంగా చంపా…,against
విశాఖ మెట్రో రైల్ ప్రాజెక్టు పట్ల వైఎస్ జగన్ మోహన్ప్రభుత్వ తీవ్ర నిర్లక్ష్యం కనీస ప్రతిపాదనకు కూడా నోచుకోని వైనం రా…,against
విశాఖ మెట్రో రైల్ ప్రాజెక్టు పట్ల వైఎస్ జగన్ మోహన్ప్రభుత్వ తీవ్ర నిర్లక్ష్యం కనీస ప్రతిపాదనకు కూడా నోచుకోని వైనం రా…,against
కానీ ఏమైంది ?? ఏమైనా ఆక్షన్ తీసుకున్నారా…,against
"తెలుగు సంస్కృతీ సంప్రదాయాలు కలకాలం వర్ధిల్లాలి ప్రజలకు ఉగాది శుభాకాంక్షలు చెప్పిన జగన్, లోకేష్ …",favour
బ్రేకప్ స్టోరీ బీజేపీ మాధవ్ VS పవన్ కళ్యాణ్,neutral
అబ్బబ్బ ఏం ఉంది రా బాబు వైజాగ్ మన రాజధాని విశాఖ,favour
వైఎస్ జగన్ మోహన్దలిత ఎమ్మెల్యే చేతి మీద చిన్న గీత పడితే అంత ఓవర్ యాక్షన్ చేసావు? ఈ దలిత బిడ్డని అతి దారుణంగా చంపా…,against
వైఎస్ జగన్ మోహన్దలిత ఎమ్మెల్యే చేతి మీద చిన్న గీత పడితే అంత ఓవర్ యాక్షన్ చేసావు? ఈ దలిత బిడ్డని అతి దారుణంగా చంపా…,against
"అదే సహనం అదే సంయమనం  అదే చిరునవ్వు అదే ఆత్మస్థైర్యం సానుభూతి అనే పదాన్ని వాడుకోవాలంటే, జగనన్నకి ఉన్నంత అవకాశం…",favour
ఒక సీఎం ఎంతో శ్రద్ధగా పిల్లలు ఏం తింటున్నారు అని తెలుసుకుని మెనూ తయారు చేయడంలో చరిత్రలో ఇదే తొలిసారి,favour
వైఎస్ జగన్ మోహన్దలిత ఎమ్మెల్యే చేతి మీద చిన్న గీత పడితే అంత ఓవర్ యాక్షన్ చేసావు? ఈ దలిత బిడ్డని అతి దారుణంగా చంపా…,against
వైఎస్ జగన్ మోహన్దలిత ఎమ్మెల్యే చేతి మీద చిన్న గీత పడితే అంత ఓవర్ యాక్షన్ చేసావు? ఈ దలిత బిడ్డని అతి దారుణంగా చంపా…,against
వైఎస్ జగన్ మోహన్దలిత ఎమ్మెల్యే చేతి మీద చిన్న గీత పడితే అంత ఓవర్ యాక్షన్ చేసావు? ఈ దలిత బిడ్డని అతి దారుణంగా చంపా…,against
వైఎస్ జగన్ మోహన్దలిత ఎమ్మెల్యే చేతి మీద చిన్న గీత పడితే అంత ఓవర్ యాక్షన్ చేసావు? ఈ దలిత బిడ్డని అతి దారుణంగా చంపా…,against
"రాష్ట్రవ్యాప్తంగా 44,392 ప్రభుత్వ, ఎయిడెడ్ పాఠశాలల్లోని 37,63,698 మంది విద్యార్థులకు లబ్ధి చేకూరుస్తూ ఏటా ₹86 కోట్ల…",favour
వైఎస్ జగన్ మోహన్దలిత ఎమ్మెల్యే చేతి మీద చిన్న గీత పడితే అంత ఓవర్ యాక్షన్ చేసావు? ఈ దలిత బిడ్డని అతి దారుణంగా చంపా…,against
వైఎస్ జగన్ మోహన్దలిత ఎమ్మెల్యే చేతి మీద చిన్న గీత పడితే అంత ఓవర్ యాక్షన్ చేసావు? ఈ దలిత బిడ్డని అతి దారుణంగా చంపా…,against
"అదే సహనం అదే సంయమనం  అదే చిరునవ్వు అదే ఆత్మస్థైర్యం సానుభూతి అనే పదాన్ని వాడుకోవాలంటే, జగనన్నకి ఉన్నంత అవకాశం…",favour
"అటు బీజేపీ తో జనసేన బ్రేకప్, ఇటు టీడీపీ తో పొత్తు పాయే చంద్రబాబు పై కీలక వ్యాఖ్యలు చేసిన హరిరామ జోగయ్య",favour
వైఎస్ జగన్ మోహన్దలిత ఎమ్మెల్యే చేతి మీద చిన్న గీత పడితే అంత ఓవర్ యాక్షన్ చేసావు? ఈ దలిత బిడ్డని అతి దారుణంగా చంపా…,against
ప్యాకేజీ కోడి,neutral
"అదే సహనం అదే సంయమనం  అదే చిరునవ్వు అదే ఆత్మస్థైర్యం సానుభూతి అనే పదాన్ని వాడుకోవాలంటే, జగనన్నకి ఉన్నంత అవకాశం…",favour
వైఎస్ జగన్ మోహన్దలిత ఎమ్మెల్యే చేతి మీద చిన్న గీత పడితే అంత ఓవర్ యాక్షన్ చేసావు? ఈ దలిత బిడ్డని అతి దారుణంగా చంపా…,against
జగన్ కేసీఆర్ ఇప్పుడు బాబు  మోదీ పెద్ద ప్లానే వేశారే ? - Telangana Bjp …,favour
అబద్ధాలు చెప్పావు అనుకో గూబ మీద దెంగుతా,neutral
వైఎస్ జగన్ మోహన్దలిత ఎమ్మెల్యే చేతి మీద చిన్న గీత పడితే అంత ఓవర్ యాక్షన్ చేసావు? ఈ దలిత బిడ్డని అతి దారుణంగా చంపా…,against
వైఎస్ జగన్ మోహన్దలిత ఎమ్మెల్యే చేతి మీద చిన్న గీత పడితే అంత ఓవర్ యాక్షన్ చేసావు? ఈ దలిత బిడ్డని అతి దారుణంగా చంపా…,against
వైఎస్ జగన్ మోహన్దలిత ఎమ్మెల్యే చేతి మీద చిన్న గీత పడితే అంత ఓవర్ యాక్షన్ చేసావు? ఈ దలిత బిడ్డని అతి దారుణంగా చంపా…,against
వైఎస్ జగన్ మోహన్దలిత ఎమ్మెల్యే చేతి మీద చిన్న గీత పడితే అంత ఓవర్ యాక్షన్ చేసావు? ఈ దలిత బిడ్డని అతి దారుణంగా చంపా…,against
మరి మీ ఛాయిస్ ఎవరు? ేనని,neutral
"గతానికీ, నేటికీ తేడా గమనించండి గతంలో మధ్యాహ్న భోజనం కింద పెట్టిన ఖర్చు ఏటా ₹450 కోట్లయితే మన ప్రభుత్వం ‘జగనన్న…",favour
వైఎస్ జగన్ మోహన్దలిత ఎమ్మెల్యే చేతి మీద చిన్న గీత పడితే అంత ఓవర్ యాక్షన్ చేసావు? ఈ దలిత బిడ్డని అతి దారుణంగా చంపా…,against
371 కోట్ల జనం సొమ్మును హారతి కర్పూరం చేశారు ఇదేనా చంద్రబాబు విజన్ అంటే- సీఎం జగన్ ,favour
వైఎస్ జగన్ మోహన్దలిత ఎమ్మెల్యే చేతి మీద చిన్న గీత పడితే అంత ఓవర్ యాక్షన్ చేసావు? ఈ దలిత బిడ్డని అతి దారుణంగా చంపా…,against
"మన రాజధాని విశాఖ , అందమైన నగరం",favour
"అదే సహనం అదే సంయమనం  అదే చిరునవ్వు అదే ఆత్మస్థైర్యం సానుభూతి అనే పదాన్ని వాడుకోవాలంటే, జగనన్నకి ఉన్నంత అవకాశం…",favour
సంపూర్ణ మద్యపాన నిషేధం అనగా మద్యం ఆదాయం రూ9 వేల కోట్ల నుంచి రూ22 వేల కోట్లకు పెంచుట  ఆ రాబడి చూపించి రూ8 వేల కోట్ల బాం…,favour
వైఎస్ జగన్ మోహన్దలిత ఎమ్మెల్యే చేతి మీద చిన్న గీత పడితే అంత ఓవర్ యాక్షన్ చేసావు? ఈ దలిత బిడ్డని అతి దారుణంగా చంపా…,against
వైఎస్ జగన్ మోహన్దలిత ఎమ్మెల్యే చేతి మీద చిన్న గీత పడితే అంత ఓవర్ యాక్షన్ చేసావు? ఈ దలిత బిడ్డని అతి దారుణంగా చంపా…,against
కొన్ని పత్రికల్లో కమ్మ కమ్మదనంగా కనిపిస్తాయంతే ,neutral
"అదే సహనం అదే సంయమనం  అదే చిరునవ్వు అదే ఆత్మస్థైర్యం సానుభూతి అనే పదాన్ని వాడుకోవాలంటే, జగనన్నకి ఉన్నంత అవకాశం…",favour
వైఎస్ జగన్ మోహన్దలిత ఎమ్మెల్యే చేతి మీద చిన్న గీత పడితే అంత ఓవర్ యాక్షన్ చేసావు? ఈ దలిత బిడ్డని అతి దారుణంగా చంపా…,against
సీఎం జగన్: రాగిజావా పథకాన్ని ప్రారంభించిన సీఎం జగన్ జగనన్న గోరుముద్దతో రుచికరమైన మెనూ,favour
వైఎస్ జగన్ మోహన్దలిత ఎమ్మెల్యే చేతి మీద చిన్న గీత పడితే అంత ఓవర్ యాక్షన్ చేసావు? ఈ దలిత బిడ్డని అతి దారుణంగా చంపా…,against
అదేంటి టీవీ ఫైవ్ లో బ్రాహ్మణి ఫోన్ చేసిందని చెప్పారు,neutral
"అమరావతి:జగనన్న గోరుముద్దలో రేపటి నుండి బడి పిల్లలకు ఉదయం పూట రాగి జావవారానికి 3 రోజుల పాటు రాగి జావరాష్ట్రవ్యాప్తంగా 44,…",favour
ఆ వెంకట్ రెడ్డి ఉంటే డిబేట్…,neutral
వైఎస్ జగన్ మోహన్దలిత ఎమ్మెల్యే చేతి మీద చిన్న గీత పడితే అంత ఓవర్ యాక్షన్ చేసావు? ఈ దలిత బిడ్డని అతి దారుణంగా చంపా…,against
జ‌గ‌న‌న్న గోరుముద్ద‌లో మ‌రో పోష‌కాహారం జ‌త‌చేస్తూ నేటి నుంచి బ‌డి పిల్ల‌ల‌కు ఉద‌యం పూట రాగి జావ అందించే కార్య‌క్ర‌…,favour
మంచి మనసున్న నాయకుడు జగనన్న ht…,favour
వైఎస్ జగన్ మోహన్దలిత ఎమ్మెల్యే చేతి మీద చిన్న గీత పడితే అంత ఓవర్ యాక్షన్ చేసావు? ఈ దలిత బిడ్డని అతి దారుణంగా చంపా…,against
వైఎస్ జగన్ మోహన్దలిత ఎమ్మెల్యే చేతి మీద చిన్న గీత పడితే అంత ఓవర్ యాక్షన్ చేసావు? ఈ దలిత బిడ్డని అతి దారుణంగా చంపా…,against
సీఎం జగన్ ఎవడో ప్రశ్నిస్తా అన్నోడు ప్రశ్నించడు - సీఎం జగన్,favour
"అమరావతి:జగనన్న గోరుముద్దలో రేపటి నుండి బడి పిల్లలకు ఉదయం పూట రాగి జావవారానికి 3 రోజుల పాటు రాగి జావరాష్ట్రవ్యాప్తంగా 44,…",favour
సీఎం జగన్: ‘గోరుముద్ద’ మరింత మెరుగ్గా తీర్చిదిద్దేందుకు అడుగులు: సీఎం జగన్‌,favour
రావాలి జగన్కావాలి జగన్ అంటూ విద్యార్దిని మాట్లాడిన ఇంగ్లీష్ స్పీచ్ కు ఫిదా అయిన జగనన్న,favour
వైఎస్ జగన్ మోహన్దలిత ఎమ్మెల్యే చేతి మీద చిన్న గీత పడితే అంత ఓవర్ యాక్షన్ చేసావు? ఈ దలిత బిడ్డని అతి దారుణంగా చంపా…,against
స్కిల్ స్కాంలో చంద్రబాబు దోపిడీ విజన్ కనిపిస్తోంది - సీఎం జగన్ ,favour
వైఎస్ జగన్ మోహన్దలిత ఎమ్మెల్యే చేతి మీద చిన్న గీత పడితే అంత ఓవర్ యాక్షన్ చేసావు? ఈ దలిత బిడ్డని అతి దారుణంగా చంపా…,against
వైఎస్ జగన్ మోహన్దలిత ఎమ్మెల్యే చేతి మీద చిన్న గీత పడితే అంత ఓవర్ యాక్షన్ చేసావు? ఈ దలిత బిడ్డని అతి దారుణంగా చంపా…,against
వైఎస్ జగన్ మోహన్దలిత ఎమ్మెల్యే చేతి మీద చిన్న గీత పడితే అంత ఓవర్ యాక్షన్ చేసావు? ఈ దలిత బిడ్డని అతి దారుణంగా చంపా…,against
వైఎస్ జగన్ మోహన్దలిత ఎమ్మెల్యే చేతి మీద చిన్న గీత పడితే అంత ఓవర్ యాక్షన్ చేసావు? ఈ దలిత బిడ్డని అతి దారుణంగా చంపా…,against
"""లైవ్ లో మొత్తం 5 ఎమ్మెల్యే ల పేర్లు బయటపెట్టిన కోటంరెడ్డి  జగన్ ",against
వైఎస్ జగన్ మోహన్దలిత ఎమ్మెల్యే చేతి మీద చిన్న గీత పడితే అంత ఓవర్ యాక్షన్ చేసావు? ఈ దలిత బిడ్డని అతి దారుణంగా చంపా…,against
వైఎస్ జగన్ మోహన్దలిత ఎమ్మెల్యే చేతి మీద చిన్న గీత పడితే అంత ఓవర్ యాక్షన్ చేసావు? ఈ దలిత బిడ్డని అతి దారుణంగా చంపా…,against
"అదే సహనం అదే సంయమనం  అదే చిరునవ్వు అదే ఆత్మస్థైర్యం సానుభూతి అనే పదాన్ని వాడుకోవాలంటే, జగనన్నకి ఉన్నంత అవకాశం…",favour
వైఎస్ జగన్ మోహన్దలిత ఎమ్మెల్యే చేతి మీద చిన్న గీత పడితే అంత ఓవర్ యాక్షన్ చేసావు? ఈ దలిత బిడ్డని అతి దారుణంగా చంపా…,against
వైఎస్ జగన్ మోహన్దలిత ఎమ్మెల్యే చేతి మీద చిన్న గీత పడితే అంత ఓవర్ యాక్షన్ చేసావు? ఈ దలిత బిడ్డని అతి దారుణంగా చంపా…,against
"*""ప్యాకేజీ"" గాడి కుల ప్రస్తావన లేని రాజకీయం*",favour
"ఇప్పుడు జగనన్న గోరుముద్దలో కొత్తగా రాగిజావ పిల్లలకు బలవర్ధకమైన, రుచికరమైన, పోషక విలువలతో కూడిన ఆహరంతో పాటు వారం…",favour
జై జగన్ మోహన్ రెడ్డి అన్న,favour
వైఎస్ జగన్ మోహన్దలిత ఎమ్మెల్యే చేతి మీద చిన్న గీత పడితే అంత ఓవర్ యాక్షన్ చేసావు? ఈ దలిత బిడ్డని అతి దారుణంగా చంపా…,against
వైఎస్ జగన్ మోహన్దలిత ఎమ్మెల్యే చేతి మీద చిన్న గీత పడితే అంత ఓవర్ యాక్షన్ చేసావు? ఈ దలిత బిడ్డని అతి దారుణంగా చంపా…,against
సీఎం జగన్ ఎవడో ప్రశ్నిస్తా అన్నోడు ప్రశ్నించడు - సీఎం జగన్,favour
వైఎస్ జగన్ మోహన్దలిత ఎమ్మెల్యే చేతి మీద చిన్న గీత పడితే అంత ఓవర్ యాక్షన్ చేసావు? ఈ దలిత బిడ్డని అతి దారుణంగా చంపా…,against
వైఎస్ జగన్ మోహన్దలిత ఎమ్మెల్యే చేతి మీద చిన్న గీత పడితే అంత ఓవర్ యాక్షన్ చేసావు? ఈ దలిత బిడ్డని అతి దారుణంగా చంపా…,against
వైఎస్ జగన్ మోహన్దలిత ఎమ్మెల్యే చేతి మీద చిన్న గీత పడితే అంత ఓవర్ యాక్షన్ చేసావు? ఈ దలిత బిడ్డని అతి దారుణంగా చంపా…,against
"అదే సహనం అదే సంయమనం  అదే చిరునవ్వు అదే ఆత్మస్థైర్యం సానుభూతి అనే పదాన్ని వాడుకోవాలంటే, జగనన్నకి ఉన్నంత అవకాశం…",favour
సరే నీ కోసం ఒక తగ్గిస్తాను లే బ్రో పండగ చేసుకో జగన్ ఎ…,favour
వైఎస్ జగన్ మోహన్దలిత ఎమ్మెల్యే చేతి మీద చిన్న గీత పడితే అంత ఓవర్ యాక్షన్ చేసావు? ఈ దలిత బిడ్డని అతి దారుణంగా చంపా…,against
జగన్ ఇచ్చిన స్కూల్ యూనిఫాం వేసుకొని బాగానే ఉన్నారు పిల్లలు,favour
వైఎస్ జగన్ మోహన్దలిత ఎమ్మెల్యే చేతి మీద చిన్న గీత పడితే అంత ఓవర్ యాక్షన్ చేసావు? ఈ దలిత బిడ్డని అతి దారుణంగా చంపా…,against
ఇవాళ్టి నుంచి గోరుముద్దలో రాగి జావ' లాంఛనంగా ప్రారంభించిన సీఎం జగన్ …,favour
వైఎస్ జగన్ మోహన్దలిత ఎమ్మెల్యే చేతి మీద చిన్న గీత పడితే అంత ఓవర్ యాక్షన్ చేసావు? ఈ దలిత బిడ్డని అతి దారుణంగా చంపా…,against
వైఎస్ జగన్ మోహన్దలిత ఎమ్మెల్యే చేతి మీద చిన్న గీత పడితే అంత ఓవర్ యాక్షన్ చేసావు? ఈ దలిత బిడ్డని అతి దారుణంగా చంపా…,against
వైఎస్ జగన్ మోహన్దలిత ఎమ్మెల్యే చేతి మీద చిన్న గీత పడితే అంత ఓవర్ యాక్షన్ చేసావు? ఈ దలిత బిడ్డని అతి దారుణంగా చంపా…,against
AP జ‌గ‌న్ కు ఆ ద‌మ్ముందా? చంద్ర‌బాబు ఛాలెంజ్ ? …,favour
వైఎస్ జగన్ మోహన్దలిత ఎమ్మెల్యే చేతి మీద చిన్న గీత పడితే అంత ఓవర్ యాక్షన్ చేసావు? ఈ దలిత బిడ్డని అతి దారుణంగా చంపా…,against
వైఎస్ జగన్ మోహన్దలిత ఎమ్మెల్యే చేతి మీద చిన్న గీత పడితే అంత ఓవర్ యాక్షన్ చేసావు? ఈ దలిత బిడ్డని అతి దారుణంగా చంపా…,against
సీఎం జగన్: పిల్లలకు మంచి మేనమామలా గోరుముద్దలో రాగిజావను ప్రారంభించిన సీఎం జగన్ More:…,favour
ఇది సీఎం జగన్ మంత్రుల ఇంటి భోజనం ల ఉంది ప్రభుత్వ మధ్యాన భోజనం లా లేదే సాక్షి అడ్ కి బదు…,favour
ఇవ్వాళ్టి నుండి ప్రభుత్వ పాఠశాలల్లో పిల్లలకు రాగిజావ - ప్రభుత్వ పాఠశాల …,favour
వైఎస్ జగన్ మోహన్దలిత ఎమ్మెల్యే చేతి మీద చిన్న గీత పడితే అంత ఓవర్ యాక్షన్ చేసావు? ఈ దలిత బిడ్డని అతి దారుణంగా చంపా…,against
ఆంధ్రప్రదేశ్ పాలనలో విద్యా శాఖ లో సాహస నిర్ణయాలలో మాత్రం 2018 నుండి స్వర్ణయుగమే అది ని…,favour
అవి టీడీపీ ప్రభుత్వంలో వచ్చినవి అని చెప్తున్నాడురా కర్రి కరీం ఇంకా ఎన్నాళ్ళురా ఇలా 1990 డ్రామోజీ స్ట్రాటజీలు వాడతారు ht…,favour
ఆకాశంలో చందమామ ఏపీలో జగన్ మామ,favour
వైఎస్ జగన్ మోహన్దలిత ఎమ్మెల్యే చేతి మీద చిన్న గీత పడితే అంత ఓవర్ యాక్షన్ చేసావు? ఈ దలిత బిడ్డని అతి దారుణంగా చంపా…,against
వైఎస్ జగన్ మోహన్దలిత ఎమ్మెల్యే చేతి మీద చిన్న గీత పడితే అంత ఓవర్ యాక్షన్ చేసావు? ఈ దలిత బిడ్డని అతి దారుణంగా చంపా…,against
వైఎస్ జగన్ మోహన్దలిత ఎమ్మెల్యే చేతి మీద చిన్న గీత పడితే అంత ఓవర్ యాక్షన్ చేసావు? ఈ దలిత బిడ్డని అతి దారుణంగా చంపా…,against
కార్పొరేట్ స్కూల్ విద్యార్థులు కూడా ఇలా మాట్లాడరు ఇంగ్లీష్సూపర్ ,neutral
వైఎస్ జగన్ మోహన్దలిత ఎమ్మెల్యే చేతి మీద చిన్న గీత పడితే అంత ఓవర్ యాక్షన్ చేసావు? ఈ దలిత బిడ్డని అతి దారుణంగా చంపా…,against
చైల్డ్‌ కేర్‌ లీవ్ ను స‌ర్వీస్ లో ఎప్పుడైనా వాడుకునే స‌దుపాయం క‌ల్పించిన జ‌గ‌న్,neutral
"IIT, IIM, &amp; AIIMS లాంటి సంస్థలు స్థాపించి ప్రచారం చేసుకోడం లో వెనకపడి ఉన్న తో పోలిస్తే ప్రచారం కొం…",neutral
వైఎస్ జగన్ మోహన్దలిత ఎమ్మెల్యే చేతి మీద చిన్న గీత పడితే అంత ఓవర్ యాక్షన్ చేసావు? ఈ దలిత బిడ్డని అతి దారుణంగా చంపా…,against
వైఎస్ జగన్ మోహన్దలిత ఎమ్మెల్యే చేతి మీద చిన్న గీత పడితే అంత ఓవర్ యాక్షన్ చేసావు? ఈ దలిత బిడ్డని అతి దారుణంగా చంపా…,against
అలా ఉంటుంది మన ప్యాకేజ్ తో,neutral
చిన్నారుల ఆరోగ్యం జగన్ సర్కార్ ధ్యేయం,neutral
"మీ మేనమామ తరుపునుంచి పదో తరగతి,ఇతర పరీక్షలు రాయబోతున్న విద్యార్థులకు తెలియజేస్తున్నాను జగన్ Moha…",neutral
వైఎస్ జగన్ మోహన్దలిత ఎమ్మెల్యే చేతి మీద చిన్న గీత పడితే అంత ఓవర్ యాక్షన్ చేసావు? ఈ దలిత బిడ్డని అతి దారుణంగా చంపా…,against
"మధ్యాహ్న భోజనంలో సరికొత్త చరిత్ర  ఐరన్, కాల్షియం వంటి పోషకాల లోపాన్ని నివారించేందుకు జగనన్న గోరుముద్దలో ""రా…",neutral
వైఎస్ జగన్ మోహన్దలిత ఎమ్మెల్యే చేతి మీద చిన్న గీత పడితే అంత ఓవర్ యాక్షన్ చేసావు? ఈ దలిత బిడ్డని అతి దారుణంగా చంపా…,against
వైఎస్ జగన్ మోహన్దలిత ఎమ్మెల్యే చేతి మీద చిన్న గీత పడితే అంత ఓవర్ యాక్షన్ చేసావు? ఈ దలిత బిడ్డని అతి దారుణంగా చంపా…,against
నాయ‌కుడు అంటే నాడు పుస్త‌కాల్లో చ‌దివాం నేడు జ‌గ‌న‌న్న రూపంలో చూస్తున్నాం జగన్ …,favour
వైఎస్ జగన్ మోహన్దలిత ఎమ్మెల్యే చేతి మీద చిన్న గీత పడితే అంత ఓవర్ యాక్షన్ చేసావు? ఈ దలిత బిడ్డని అతి దారుణంగా చంపా…,against
వైఎస్ జగన్ మోహన్దలిత ఎమ్మెల్యే చేతి మీద చిన్న గీత పడితే అంత ఓవర్ యాక్షన్ చేసావు? ఈ దలిత బిడ్డని అతి దారుణంగా చంపా…,against
వైఎస్ జగన్ మోహన్దలిత ఎమ్మెల్యే చేతి మీద చిన్న గీత పడితే అంత ఓవర్ యాక్షన్ చేసావు? ఈ దలిత బిడ్డని అతి దారుణంగా చంపా…,against
"పౌష్టికాహారంతోనే ఆరోగ్యం, చక్కటి విద్యాభ్యాసం సాధ్యమని నమ్ముతూ ఒక మేనమామగా మధ్యాహ్న భోజన కార్యక్రమం “గోరుముద్ద”లో భాగంగా ఇవ్వా…",neutral
"స్కిల్ స్కాం కేసులో చంద్రబాబు అరెస్ట్ అయితే నేనే సీఎం అభ్యర్థిని అని ప్రచారం చేసుకుంటూ , ఆ కేసుకి సంబంధించి…",against
జగనన్న గోరుముద్దలో భాగంగా ప్రభుత్వ పాఠశాల విద్యార్థులకు రాగిజావ పంపిణీ ,favour
విద్యార్థుల భవిష్యత్‌కు భరోసా సమూల మార్పులు తీసుకొస్తున్నాం: సీఎం జగన్‌ …,favour
చంద్రబాబు ముఖ్యమంత్రి హోదాలో ఢిల్లీకి వెళ్తే ప్రెస్ మీట్ పెట్టి అక్కడ ఏమేం చర్చించారో వివరించేవారు…,against
విశాఖ మెట్రో రైల్ ప్రాజెక్టు పట్ల వైఎస్ జగన్ మోహన్ప్రభుత్వ తీవ్ర నిర్లక్ష్యం కనీస ప్రతిపాదనకు కూడా నోచుకోని వైనం రా…,against
విశాఖ మెట్రో రైల్ ప్రాజెక్టు పట్ల వైఎస్ జగన్ మోహన్ప్రభుత్వ తీవ్ర నిర్లక్ష్యం కనీస ప్రతిపాదనకు కూడా నోచుకోని వైనం రా…,against
చంద్రబాబు ముఖ్యమంత్రి హోదాలో ఢిల్లీకి వెళ్తే ప్రెస్ మీట్ పెట్టి అక్కడ ఏమేం చర్చించారో వివరించేవారు…,against
చంద్రబాబు ముఖ్యమంత్రి హోదాలో ఢిల్లీకి వెళ్తే ప్రెస్ మీట్ పెట్టి అక్కడ ఏమేం చర్చించారో వివరించేవారు  జగన్‌…,against
వైఎస్ జగన్ మోహన్దలిత ఎమ్మెల్యే చేతి మీద చిన్న గీత పడితే అంత ఓవర్ యాక్షన్ చేసావు? ఈ దలిత బిడ్డని అతి దారుణంగా చంపా…,against
వైఎస్ జగన్ మోహన్దలిత ఎమ్మెల్యే చేతి మీద చిన్న గీత పడితే అంత ఓవర్ యాక్షన్ చేసావు? ఈ దలిత బిడ్డని అతి దారుణంగా చంపా…,against
వైఎస్ జగన్ మోహన్దలిత ఎమ్మెల్యే చేతి మీద చిన్న గీత పడితే అంత ఓవర్ యాక్షన్ చేసావు? ఈ దలిత బిడ్డని అతి దారుణంగా చంపా…,against
వైఎస్ జగన్ మోహన్దలిత ఎమ్మెల్యే చేతి మీద చిన్న గీత పడితే అంత ఓవర్ యాక్షన్ చేసావు? ఈ దలిత బిడ్డని అతి దారుణంగా చంపా…,against
వైఎస్ జగన్ మోహన్దలిత ఎమ్మెల్యే చేతి మీద చిన్న గీత పడితే అంత ఓవర్ యాక్షన్ చేసావు? ఈ దలిత బిడ్డని అతి దారుణంగా చంపా…,against
వైఎస్ జగన్ మోహన్దలిత ఎమ్మెల్యే చేతి మీద చిన్న గీత పడితే అంత ఓవర్ యాక్షన్ చేసావు? ఈ దలిత బిడ్డని అతి దారుణంగా చంపా…,against
"అదే సహనం అదే సంయమనం  అదే చిరునవ్వు అదే ఆత్మస్థైర్యం సానుభూతి అనే పదాన్ని వాడుకోవాలంటే, జగనన్నకి ఉన్నంత అవకాశం…",neutral
వైఎస్ జగన్ మోహన్దలిత ఎమ్మెల్యే చేతి మీద చిన్న గీత పడితే అంత ఓవర్ యాక్షన్ చేసావు? ఈ దలిత బిడ్డని అతి దారుణంగా చంపా…,against
"ఉమ్మడి కృష్ణాజిల్లా నూజివీడు నియోజకవర్గం చాట్రాయి మండలంలో అకాల వర్షాలకు నష్టపోయిన మొక్కజొన్న, బొప్పాయి, మిర్చి, నిమ్మ రై…",neutral
వైఎస్ జగన్ మోహన్దలిత ఎమ్మెల్యే చేతి మీద చిన్న గీత పడితే అంత ఓవర్ యాక్షన్ చేసావు? ఈ దలిత బిడ్డని అతి దారుణంగా చంపా…,against
వైఎస్ జగన్ మోహన్దలిత ఎమ్మెల్యే చేతి మీద చిన్న గీత పడితే అంత ఓవర్ యాక్షన్ చేసావు? ఈ దలిత బిడ్డని అతి దారుణంగా చంపా…,against
వైఎస్ జగన్ మోహన్దలిత ఎమ్మెల్యే చేతి మీద చిన్న గీత పడితే అంత ఓవర్ యాక్షన్ చేసావు? ఈ దలిత బిడ్డని అతి దారుణంగా చంపా…,against
వైఎస్ జగన్ మోహన్దలిత ఎమ్మెల్యే చేతి మీద చిన్న గీత పడితే అంత ఓవర్ యాక్షన్ చేసావు? ఈ దలిత బిడ్డని అతి దారుణంగా చంపా…,against
"నిన్న రాత్రి “ సార్ “ సినిమా చూసాను చాలా బాగుంది,తప్పకుండా చూడండి వీలైతే నాకు ప్రతీఫ్రేములో జగనన్నే కనిపించాడు భ్ర…",favour
వైఎస్ జగన్ మోహన్దలిత ఎమ్మెల్యే చేతి మీద చిన్న గీత పడితే అంత ఓవర్ యాక్షన్ చేసావు? ఈ దలిత బిడ్డని అతి దారుణంగా చంపా…,against
వైఎస్ జగన్ మోహన్దలిత ఎమ్మెల్యే చేతి మీద చిన్న గీత పడితే అంత ఓవర్ యాక్షన్ చేసావు? ఈ దలిత బిడ్డని అతి దారుణంగా చంపా…,against
వైఎస్ జగన్ మోహన్దలిత ఎమ్మెల్యే చేతి మీద చిన్న గీత పడితే అంత ఓవర్ యాక్షన్ చేసావు? ఈ దలిత బిడ్డని అతి దారుణంగా చంపా…,against
వైఎస్ జగన్ మోహన్దలిత ఎమ్మెల్యే చేతి మీద చిన్న గీత పడితే అంత ఓవర్ యాక్షన్ చేసావు? ఈ దలిత బిడ్డని అతి దారుణంగా చంపా…,against
వైఎస్ జగన్ మోహన్దలిత ఎమ్మెల్యే చేతి మీద చిన్న గీత పడితే అంత ఓవర్ యాక్షన్ చేసావు? ఈ దలిత బిడ్డని అతి దారుణంగా చంపా…,against
371 కోట్ల జనం సొమ్మును హారతి కర్పూరం చేశారు ఇదేనా చంద్రబాబు విజన్ అంటే- సీఎం జగన్ ,favour
"అదే సహనం అదే సంయమనం  అదే చిరునవ్వు అదే ఆత్మస్థైర్యం సానుభూతి అనే పదాన్ని వాడుకోవాలంటే, జగనన్నకి ఉన్నంత అవకాశం…",favour
వైఎస్ జగన్ మోహన్దలిత ఎమ్మెల్యే చేతి మీద చిన్న గీత పడితే అంత ఓవర్ యాక్షన్ చేసావు? ఈ దలిత బిడ్డని అతి దారుణంగా చంపా…,against
ఈయన ఈ రేంజ్ అభిమాని అయిపోయాడేంటి సార్,favour
వైఎస్ జగన్ మోహన్దలిత ఎమ్మెల్యే చేతి మీద చిన్న గీత పడితే అంత ఓవర్ యాక్షన్ చేసావు? ఈ దలిత బిడ్డని అతి దారుణంగా…,favour
గెలిచిన మీ వాడు మాత్రం బలేగా నిద్ర పోతున్నాడు అసెంబ్లీ లో సిగ్గు ఉండాలి రా అరేయ్…,favour
"అదే సహనం అదే సంయమనం  అదే చిరునవ్వు అదే ఆత్మస్థైర్యం సానుభూతి అనే పదాన్ని వాడుకోవాలంటే, జగనన్నకి ఉన్నంత అవకాశం…",favour
విద్యార్థుల భవిష్యత్‌కు భరోసా సమూల మార్పులు తీసుకొస్తున్నాం: సీఎం జగన్‌ …,favour
అసెంబ్లీలో TDP వారి హేయమైన చర్యలను ఖండిస్తున్నాము సభామర్యాదలను కాపాడలేనివారు MLA లు గా అనర్హులు …,favour
నేటినుంచి పాఠశాల విద్యార్ధులకు రాగిజావ పంపిణీ,favour
జగనన్న గోరుముద్దతో రుచికరమైన మెనూ - TV9,favour
పవన్ కళ్యాణ్ మేకప్ వేసుకోటానికి అద్దం లేకపోతే మా ఏపీ రాజధాని వైజాగ్ రోడ్స్ అద్దం లాగ మెరిసిపోతున్నాయి,neutral
"నా నడక నేల మీదే నా ప్రయాణం సామాన్యులు, పేద వర్గాలతోనే నా యుద్ధం పెత్తందార్లతోనే నా లక్ష్యం పేదరికం నిర్మూలనే…",neutral
"ఈ నెల 28 , 29 జరగనున్న G-20 సదస్సుకు రెడీ అవుతున్న విశాఖ",neutral
వైఎస్ జగన్ మోహన్దలిత ఎమ్మెల్యే చేతి మీద చిన్న గీత పడితే అంత ఓవర్ యాక్షన్ చేసావు? ఈ దలిత బిడ్డని అతి దారుణంగా చంపా…,against
జగనన్న గోరుముద్దలో భాగంగా రాగిజావ కార్యక్రమాన్ని ప్రారంభిస్తున్న జగనన్న,favour
"ఈ నెల 28 , 29 జరగనున్న G-20 సదస్సుకు రెడీ అవుతున్న విశాఖ",favour
2/2 మెటలర్జికల్‌ విభాగాల్లో డిప్లొమా కోర్సుల కోసం సుదూర ప్రాంతాలు వెళ్లాల్సిన అవసరం ఉండదు ముఖ్యంగా గ్రామీణ యువతకు…,favour
జగనన్న గోరుముద్దలో రాగిజావ నేడు సీఎం జగన్ చేతులమీదుగా ప్రారంభం,favour
పవన్ కళ్యాణ్ మేకప్ వేసుకోటానికి అద్దం లేకపోతే మా ఏపీ రాజధాని వైజాగ్ రోడ్స్ అద్దం లాగ మెరిసిపోతున్నాయి,favour
"నిప్పులు చిమ్ముకుంటూ నింగికి నే ఎగిరితే నిబిడాశ్చర్యంతో వీరు, నెత్తురు కక్కుతూ నేలకు ఒరిగితే నిర్దాక్షిణ్యంగా వీరే…",favour
"అదే సహనం అదే సంయమనం  అదే చిరునవ్వు అదే ఆత్మస్థైర్యం సానుభూతి అనే పదాన్ని వాడుకోవాలంటే, జగనన్నకి ఉన్నంత అవకాశం…",neutral
వైఎస్ జగన్ మోహన్దలిత ఎమ్మెల్యే చేతి మీద చిన్న గీత పడితే అంత ఓవర్ యాక్షన్ చేసావు? ఈ దలిత బిడ్డని అతి దారుణంగా చంపా…,against
విశాఖ మెట్రో రైల్ ప్రాజెక్టు పట్ల వైఎస్ జగన్ మోహన్ప్రభుత్వ తీవ్ర నిర్లక్ష్యం కనీస ప్రతిపాదనకు కూడా నోచుకోని వైనం రా…,neutral
జగనన్న గోరుముద్ద పథకంలో మరో పోషకాహారం బడి పిల్లలకు ఉదయం పూట రాగి జావ పథకం ప్రారంభం,neutral
వైఎస్ జగన్ మోహన్దలిత ఎమ్మెల్యే చేతి మీద చిన్న గీత పడితే అంత ఓవర్ యాక్షన్ చేసావు? ఈ దలిత బిడ్డని అతి దారుణంగా చంపా…,against
వైఎస్ జగన్ మోహన్దలిత ఎమ్మెల్యే చేతి మీద చిన్న గీత పడితే అంత ఓవర్ యాక్షన్ చేసావు? ఈ దలిత బిడ్డని అతి దారుణంగా చంపా…,against
జగనన్న గోరుముద్దలో భాగంగా ప్రభుత్వ పాఠశాల విద్యార్థులకు రాగిజావ పంపిణీ  జగన్  Prime9 …,favour
వైఎస్ జగన్ మోహన్దలిత ఎమ్మెల్యే చేతి మీద చిన్న గీత పడితే అంత ఓవర్ యాక్షన్ చేసావు? ఈ దలిత బిడ్డని అతి దారుణంగా చంపా…,against
జగనన్న గోరుముద్దలో భాగంగా ప్రభుత్వ పాఠశాల విద్యార్థులకు రాగిజావ పంపిణీ  జగన్  Prime9…,favour
వైఎస్ జగన్ మోహన్దలిత ఎమ్మెల్యే చేతి మీద చిన్న గీత పడితే అంత ఓవర్ యాక్షన్ చేసావు? ఈ దలిత బిడ్డని అతి దారుణంగా చంపా…,against
మ‌హిళా ఉద్యోగుల‌కు సీఎం జ‌గ‌న్ తీపి క‌బురు,favour
2/20 సిమెన్స్ ద్వారా అని ప్రచారం చేసుకున్నారు కదరా తెలంగాణ ఇండస్ట్రీలో జాబ్ వాళ్ళకి కూడా…,favour
371 కోట్ల జనం సొమ్మును హారతి కర్పూరం చేశారు ఇదేనా చంద్రబాబు విజన్ అంటే- సీఎం జగన్ ,favour
వైఎస్ జగన్ మోహన్దలిత ఎమ్మెల్యే చేతి మీద చిన్న గీత పడితే అంత ఓవర్ యాక్షన్ చేసావు? ఈ దలిత బిడ్డని అతి దారుణంగా చంపా…,against
నాకు ఐటీ ఎంత ముఖ్యమో - వ్యవసాయం అంతే ముఖ్యం -సీఎం జగన్ …,against
వైఎస్ జగన్ మోహన్దలిత ఎమ్మెల్యే చేతి మీద చిన్న గీత పడితే అంత ఓవర్ యాక్షన్ చేసావు? ఈ దలిత బిడ్డని అతి దారుణంగా…,favour
"అదే సహనం అదే సంయమనం  అదే చిరునవ్వు అదే ఆత్మస్థైర్యం సానుభూతి అనే పదాన్ని వాడుకోవాలంటే, జగనన్నకి ఉన్నంత అవకాశం…",favour
ప్రభుత్వ మహిళా ఉద్యోగులు 180 రోజుల చైల్డ్‌ కేర్‌ లీవ్‌ను తమ సర్వీస్‌ కాలంలో ఎప్పుడైనా ఉపయోగించుకునే వెసులుబాటు క…,favour
"అయినా తాను అద్భుతంగా రాష్ట్రాన్ని పాలిస్తున్నానని నమ్మకమే ఉంటే, ఎలాగూ 175 సీట్లు వైసీపీవేనని చెపుతున్నప్పుడు ఇక ఈ ప్రతిపక్షాల…",favour
తాను మరచినట్లు సోషల్ మీడియాలో వస్తున్న వార్తలను ఖండించిన కోటా శ్రీనివాస్ గారు,favour
"అదే సహనం అదే సంయమనం  అదే చిరునవ్వు అదే ఆత్మస్థైర్యం సానుభూతి అనే పదాన్ని వాడుకోవాలంటే, జగనన్నకి ఉన్నంత అవకాశం…",favour
జగనన్న ఇచ్చే ప్రతి పథకం తనకి వస్తుంది అని జగన్ పరిపాలన గురించి చక్కగా చెప్పినా ఆటో డ్రైవర్,favour
difference పోల్చడానికి మాకే కొంచెం ఇబ్బందిగా ఉంది ప్రజా నాయకుడు మన జగన్ అన్న ిరిలో పాదయాత్రకు వ…,favour
అందుకే చందు గాడికి 2019 లో ప్రజలు ఎవరూ సైకిల్ బటన్ పై నొక్క లేదు 2024 లోకూడా ఇదే రిపీట్ అవుద్దీ జగన్ 2024,favour
గెలుపైనా ఓటమైనా జగన్‌ ఆగట్లేదుగా? జగన్ పార్టీకి గ్రాడ్యుయేట్లు ఓట్లు వేయలేరు బటన్ నొక్కితే చాలు ప్రతి ఇంటికి…,neutral
"అదే సహనం అదే సంయమనం  అదే చిరునవ్వు అదే ఆత్మస్థైర్యం సానుభూతి అనే పదాన్ని వాడుకోవాలంటే, జగనన్నకి ఉన్నంత అవకాశం…",neutral
7/10 టీడీపీ హయాంలో చంద్రబాబు బటన్‌ నొక్కగానే ప్రభుత్వ ఖాతా నుంచి అటూ ఇటు తిరిగి ఆయన ఖాతాలోకి డబ్బులు వచ్చాయి ఇదీ…,neutral
విశాఖ మెట్రో రైల్ ప్రాజెక్టు పట్ల వైఎస్ జగన్ మోహన్ప్రభుత్వ తీవ్ర నిర్లక్ష్యం కనీస ప్రతిపాదనకు కూడా నోచుకోని వైనం రా…,neutral
సెక్రటరీని ఆదేశిస్తూ చంద్రబాబు నోట్‌ ఫైల్‌లో పేర్కొన్నారు ఇంకో నోట్‌ ఫైల్‌లో సీఎం చంద్రబాబు చెప్పారు కాబట్టి ని…,neutral
విశాఖ మెట్రో రైల్ ప్రాజెక్టు పట్ల వైఎస్ జగన్ మోహన్ప్రభుత్వ తీవ్ర నిర్లక్ష్యం కనీస ప్రతిపాదనకు కూడా నోచుకోని వైనం రా…,favour
"స్కిల్డ్‌ క్రిమినల్‌ బాబే యువత, ఉద్యోగులకు సీమెన్స్‌ స్కిల్‌ ట్రైనింగ్‌ పేరుతో జరిగిన 371 కోట్ల స్కామ్‌పై జీఎస్టీ…",favour
"అదే సహనం అదే సంయమనం  అదే చిరునవ్వు అదే ఆత్మస్థైర్యం సానుభూతి అనే పదాన్ని వాడుకోవాలంటే, జగనన్నకి ఉన్నంత అవకాశం…",favour
"పట్టభద్రులు ఎన్నికల్లో నిలబడి, తలబడి, గెలిచినా MLCలు 1 వేపాడ చిరంజీవిరావు - 2 కంచర్ల శ్రీకాంత్ - affection…",favour
2/20 సిమెన్స్ ద్వారా అని ప్రచారం చేసుకున్నారు కదరా తెలంగాణ ఇండస్ట్రీలో జాబ్ వాళ్ళకి కూడా…,favour
రాష్ట్ర ప్రభుత్వం ప్రతిష్టాత్మకంగా నిర్వహిస్తున్న ఏపీ గ్లోబల్ సమ్మిట్ 2023కు సర్వం సిద్ధం ప్రభుత్వ ఏర్పాట్లతో కళకళలా…,favour
"అదే సహనం అదే సంయమనం  అదే చిరునవ్వు అదే ఆత్మస్థైర్యం సానుభూతి అనే పదాన్ని వాడుకోవాలంటే, జగనన్నకి ఉన్నంత అవకాశం…",favour
విశాఖ మెట్రో రైల్ ప్రాజెక్టు పట్ల వైఎస్ జగన్ మోహన్ప్రభుత్వ తీవ్ర నిర్లక్ష్యం కనీస ప్రతిపాదనకు కూడా నోచుకోని వైనం రా…,neutral
"అయినా తాను అద్భుతంగా రాష్ట్రాన్ని పాలిస్తున్నానని నమ్మకమే ఉంటే, ఎలాగూ 175 సీట్లు వైసీపీవేనని చెపుతున్నప్పుడు ఇక ఈ ప్రతిపక్షాల…",neutral
"అదే సహనం అదే సంయమనం  అదే చిరునవ్వు అదే ఆత్మస్థైర్యం సానుభూతి అనే పదాన్ని వాడుకోవాలంటే, జగనన్నకి ఉన్నంత అవకాశం…",neutral
విశాఖ మెట్రో రైల్ ప్రాజెక్టు పట్ల వైఎస్ జగన్ మోహన్ప్రభుత్వ తీవ్ర నిర్లక్ష్యం కనీస ప్రతిపాదనకు కూడా నోచుకోని వైనం రా…,neutral
371 కోట్ల జనం సొమ్మును హారతి కర్పూరం చేశారు ఇదేనా చంద్రబాబు విజన్ అంటే- సీఎం జగన్ ,neutral
"జగన్ 50:50 కావచ్చు, ఆ flowలో ఉన్నాడు,set up,ground ఉంది నా పరిస్థితి అలా కాదు - నీచులకు ఎత్తుకు పై…",neutral
"అదే సహనం అదే సంయమనం  అదే చిరునవ్వు అదే ఆత్మస్థైర్యం సానుభూతి అనే పదాన్ని వాడుకోవాలంటే, జగనన్నకి ఉన్నంత అవకాశం…",neutral
"అయినా తాను అద్భుతంగా రాష్ట్రాన్ని పాలిస్తున్నానని నమ్మకమే ఉంటే, ఎలాగూ 175 సీట్లు వైసీపీవేనని చెపుతున్నప్పుడు ఇక ఈ ప్రతిపక్షాల…",neutral
"అదే సహనం అదే సంయమనం  అదే చిరునవ్వు అదే ఆత్మస్థైర్యం సానుభూతి అనే పదాన్ని వాడుకోవాలంటే, జగనన్నకి ఉన్నంత అవకాశం…",neutral
దేశంలోనే అతి పెద్ద కుంభకోణం స్కిల్ డెవలప్‌మెంట్ స్కామ్ అంటూ చంద్రబాబుపై ఆరోపణలు చేసిన సీఎం జగన్ …,favour
విశాఖ మెట్రో రైల్ ప్రాజెక్టు పట్ల వైఎస్ జగన్ మోహన్ప్రభుత్వ తీవ్ర నిర్లక్ష్యం కనీస ప్రతిపాదనకు కూడా నోచుకోని వైనం రా…,favour
"అదే సహనం అదే సంయమనం  అదే చిరునవ్వు అదే ఆత్మస్థైర్యం సానుభూతి అనే పదాన్ని వాడుకోవాలంటే, జగనన్నకి ఉన్నంత…",favour
వైఎస్ జగన్ మోహన్దలిత ఎమ్మెల్యే చేతి మీద చిన్న గీత పడితే అంత ఓవర్ యాక్షన్ చేసావు? ఈ దలిత బిడ్డని అతి దారుణంగా చంపా…,favour
విశాఖ మెట్రో రైల్ ప్రాజెక్టు పట్ల వైఎస్ జగన్ మోహన్ప్రభుత్వ తీవ్ర నిర్లక్ష్యం కనీస ప్రతిపాదనకు కూడా నోచుకోని వైనం రా…,favour
విశాఖ మెట్రో రైల్ ప్రాజెక్టు పట్ల వైఎస్ జగన్ మోహన్ప్రభుత్వ తీవ్ర నిర్లక్ష్యం కనీస ప్రతిపాదనకు కూడా నోచుకోని…,favour
చొక్కా విప్పి గుండెలపై జగన్ ఫోటో చూపిన వీరాభిమాని,favour
"అమరావతి:జగనన్న గోరుముద్దలో రేపటి నుండి బడి పిల్లలకు ఉదయం పూట రాగి జావవారానికి 3 రోజుల పాటు రాగి జావరాష్ట్రవ్యాప్తంగా 44,…",favour
కోస్తాంధ్ర వీక్లీ లీడర్ బోర్డు …,favour
50000 వేల ఓట్లు ఉన్న నేను ఎం చేయాలో నాకు తెలియదా అంటూ తీవ్ర వాగ్వాదం ఓ దశలో కందికుంట ప్రసాద్ కు చాంద్ బాషా కి మ…,favour
మీలో మీరు కొట్టుకు చావండి మమ్మల్ని చెయ్యండి కదిరి టీడీపీ లో బయటపడ్డ విబేధాలు నిన్న రాత్రి లోకేష్ తో జ…,favour
“SIR” సినిమా చుస్తుంటే అన్న ఫ్రేమ్ టు ఫ్రేమ్ గుర్తు వచ్చారు మీరు చేసిన మంచిపనులను సినిమాగా తీసారంటే జగన్ అన్న మీరు…,favour
హాయ్ జగన్ బాగున్నావా గుడ్ మార్నింగ్ జగన్ అన్న,favour
 ఆడటం రాదు కూర్చోమన్న కూర్చోవు  తుత్తు జగన్  సీఎం గా అట్టర్ ఫ్లాప్ …,favour
 ఆడటం రాదు కూర్చోమన్న కూర్చోవు  తుత్తు జగన్  సీఎం గా అట్టర్ ఫ్లాప్ పెద్ద సున్న …,favour
రాష్ట్ర ప్రభుత్వం ప్రతిష్టాత్మకంగా నిర్వహిస్తున్న ఏపీ గ్లోబల్ సమ్మిట్ 2023కు సర్వం సిద్ధం ప్రభుత్వ ఏర్పాట్లతో కళకళలా…,favour
371 కోట్ల జనం సొమ్మును హారతి కర్పూరం చేశారు ఇదేనా చంద్రబాబు విజన్ అంటే- సీఎం జగన్ ,favour
371 కోట్ల జనం సొమ్మును హారతి కర్పూరం చేశారు ఇదేనా చంద్రబాబు విజన్ అంటే- సీఎం జగన్ ,neutral
ఉత్తరాంద్ర లో ఒక పంచాయతీ లో 200 gruate లు ఉంటే 4000₹ ఇచ్చారు అంట4000₹ ఎందుకు అంటే ఆటో లు పెట్టడానికి అని చె…,neutral
( జగనన్న ) నాయకుడి పాదయాత్రకి ( లోకేష్ ) నయ వంచకుడి పాదయాత్రకి చాలా తేడా ఉంది తమ్ముళ్లు కదిరి గడ్డా వైసి…,neutral
ఉద్యోగులందరూ జగనన్న కు వ్యతిరేకమన్న వారికి మొహం పగిలేలా సమాధానం ఇచ్చిన ప్రభుత్వ ఉద్యోగిని,neutral
వైఎస్ జగన్ మోహన్దలిత ఎమ్మెల్యే చేతి మీద చిన్న గీత పడితే అంత ఓవర్ యాక్షన్ చేసావు? ఈ దలిత బిడ్డని అతి దారుణంగా…,neutral
371 కోట్ల జనం సొమ్మును హారతి కర్పూరం చేశారు ఇదేనా చంద్రబాబు విజన్ అంటే- సీఎం జగన్ ,neutral
"అయినా తాను అద్భుతంగా రాష్ట్రాన్ని పాలిస్తున్నానని నమ్మకమే ఉంటే, ఎలాగూ 175 సీట్లు వైసీపీవేనని చెపుతున్నప్పుడు ఇక ఈ…",neutral
నేటినుంచి పాఠశాల విద్యార్ధులకు రాగిజావ పంపిణీ,favour
Andhra జగన్ నిన్నటి అసెంబ్లీ ఘటనలు చూస్తే  మొన్నే ప్రజలు ఇచ్చిన తీర్పు నుంచి పాఠాలు నేర్చుకు…,favour
సీఎం జగన్‌ను కలిసిన వైఎస్సార్‌సీపీ దళిత ఎమ్మెల్యేలు,favour
371 కోట్ల జనం సొమ్మును హారతి కర్పూరం చేశారు ఇదేనా చంద్రబాబు విజన్ అంటే- సీఎం జగన్ ,favour
"ఏపీలో 5,388 ప్రభుత్వ స్కూళ్లకు నైట్ వాచ్ మెన్లు నియామకం",favour
చంద్రబాబు గారి అందమైన మొఖాన్ని చూసి ఏమైనా ఇస్తున్నారా - సీఎం జగన్ ,favour
ఇలాంటి వారు నిజాలు చెబితే వస్తోంది,favour
మళ్ళీ జగనన్నే సీఎం అవుతారు - తిరువూరు వైసీపీ సర్పంచ్,favour
9 pm ఢిల్లీ వెళ్లిన ముఖ్యమంత్రి జగన్ అవినాష్ రెడ్డి అరెస్టు పై రేపు తీర్పు ఇవ్వనున్న తెలంగాణ హై కోర్టు…,favour
విష్ణుకుమార్ రాజు గారు మీలాంటి వాళ్ళు ఒక్క నలుగురు నాయకులు తప్ప బీజేపీలో మిగతా నాయకులంతా వైసీపీకి కొమ్ముకాస్తున్నారనేది అ…,favour
"పట్టభద్రులు ఎన్నికల్లో నిలబడి, తలబడి, గెలిచినా MLCలు 1 వేపాడ చిరంజీవిరావు - 2 కంచర్ల శ్రీకాంత్ - affection…",favour
"అమరావతి:జగనన్న గోరుముద్దలో రేపటి నుండి బడి పిల్లలకు ఉదయం పూట రాగి జావవారానికి 3 రోజుల పాటు రాగి జావరాష్ట్రవ్యాప్తంగా 44,…",favour
3/20 నిన్న దాకా లో యువతస్థాయి డెవలప్మెంట్ అంటూ ప్రచారం జగన్ రెడ్డి బొమ్మతో సిమెన్స్ తన క్రెడిట్ అ…,favour
మా జగనన్న మగాడిలా సింగిల్ గా వస్తాను అన్నాడు సవాల్ స్వీకరించి దానికి సమాధానం చెప్పే దమ్ము ఉందా పవన్ కళ్యాణ్ కి ht…,favour
బాబు మాకొద్దు జగనే మాకు కావాలి,neutral
మా జగనన్న మగాడిలా సింగిల్ గా వస్తాను అన్నాడు సవాల్ స్వీకరించి దానికి సమాధానం చెప్పే దమ్ము ఉందా పవన్ కళ్యాణ్ కి…,neutral
చచ్చేవరకు జగనన్నకే నేను ఓటు వేస్తాను,neutral
టీడీపీ వాళ్ళు డ్వాక్రా నుండి తీసేసి లోను కావాలంటే మా పెద్ద మనిషి కాళ్ళు పట్టుకో అన్నారు,neutral
గోరుముద్దలో రాగి జావ,neutral
ఢిల్లీని ఢీకొట్టిన గుండె రా అది ఇలాంటి ఉడత ఊపులికి భయపడే గుండె కాదు జగన్ /175 జగన్ TRENDS,neutral
నాయ‌కుడు అంటే నాడు పుస్త‌కాల్లో చ‌దివాం నేడు జ‌గ‌న‌న్న రూపంలో చూస్తున్నాం జగన్ …,neutral
స్కిల్ స్కాంలో చంద్రబాబు దోపిడీ విజన్ కనిపిస్తోంది - సీఎం జగన్ ,neutral
371 కోట్ల జనం సొమ్మును హారతి కర్పూరం చేశారు ఇదేనా చంద్రబాబు విజన్ అంటే- సీఎం జగన్ ,favour
3/20 నిన్న దాకా లో యువతస్థాయి డెవలప్మెంట్ అంటూ ప్రచారం జగన్ రెడ్డి బొమ్మతో సిమెన్స్ తన క్రెడిట్ అ…,favour
2/20 సిమెన్స్ ద్వారా అని ప్రచారం చేసుకున్నారు కదరా తెలంగాణ ఇండస్ట్రీలో జాబ్ వాళ్ళకి కూడా…,favour
371 కోట్ల జనం సొమ్మును హారతి కర్పూరం చేశారు ఇదేనా చంద్రబాబు విజన్ అంటే- సీఎం జగన్ ,favour
"అమరావతి:జగనన్న గోరుముద్దలో రేపటి నుండి బడి పిల్లలకు ఉదయం పూట రాగి జావవారానికి 3 రోజుల పాటు రాగి జావరాష్ట్రవ్యాప్తంగా 44,…",favour
"అమరావతి:జగనన్న గోరుముద్దలో రేపటి నుండి బడి పిల్లలకు ఉదయం పూట రాగి జావవారానికి 3 రోజుల పాటు రాగి జావరాష్ట్రవ్యాప్తంగా 44,…",favour
2/20 సిమెన్స్ ద్వారా అని ప్రచారం చేసుకున్నారు కదరా తెలంగాణ ఇండస్ట్రీలో జాబ్ వాళ్ళకి కూడా…,favour
ప్రజా వేదిక ప్రజల కష్టాలు చెప్పుకునే అది అక్రమ కట్టడం అని నీవేదిక బలవం…,neutral
"అమరావతి:జగనన్న గోరుముద్దలో రేపటి నుండి బడి పిల్లలకు ఉదయం పూట రాగి జావవారానికి 3 రోజుల పాటు రాగి జావరాష్ట్రవ్యాప్తంగా 44,…",neutral
"పట్టభద్రులు ఎన్నికల్లో నిలబడి, తలబడి, గెలిచినా MLCలు 1 వేపాడ చిరంజీవిరావు - 2 కంచర్ల శ్రీకాంత్ ",against
చూడు జగన్  ఇవే మా ప్రభుత్వ హయాంలో గుడివాడ పట్టణంలో పేదల కోసం కట్టిన 8912 టిడ్కో ఇళ్ళు రాష్ట్రంలో నా…,favour
విదేశాల్లో మాదిరి మన రాష్ట్రంలో ఫ్యామిలీ డాక్టర్ సేవలు,favour
"జ‌నం నాడి ప‌ట్టిన జ‌గ‌న్‌ వ‌య‌సులోనూ, రాజ‌కీయ అనుభ‌వంలోనూ జ‌గ‌న్ చిన్న‌వాడు కానీ ప్ర‌జ‌ల ఆలోచన‌ల్ని, అవ‌స‌రాల‌ని గు…",neutral
పాదయాత్రలో నేషనల్ మీడియకు ఇంటర్వ్యూ కూడా ఒక గుడిశలో మంచం మీద కూర్చుని ఇచ్చిన జగనన్న సొంత డబ్బా కొట్టుకోడానికి సె…,against
చూడు జగన్  ఇవే మా ప్రభుత్వ హయాంలో గుడివాడ పట్టణంలో పేదల కోసం కట్టిన 8912 టిడ్కో ఇళ్ళు రాష్ట్రంలో నా…,neutral
మనం పుట్టినప్పటి నుండీ ఇలా ఒక MLA గాని MP గాని మన ఊరికి రావడం చూసామా ఊరికి వచ్చినా మన ఇంటికి…,neutral
మనం పుట్టినప్పటి నుండీ ఇలా ఒక MLA గాని MP గాని మన ఊరికి రావడం చూసామా ఊరికి వచ్చినా మన ఇంటికి వచ్చి ప్ర…,against
మనం పుట్టినప్పటి నుండీ ఇలా ఒక MLA గాని MP గాని మన ఊరికి రావడం చూసామా ఊరికి వచ్చినా మన ఇంటికి వచ్చి…,against
జగన్ ను ఓడించడం చంద్రబాబు పవన్కళ్యాణ్ వల్ల కాదు ఎక్కువ మాట్లాడితే జనాలే తంతారు వీళ్ళను,favour
చూడు జగన్  ఇవే మా ప్రభుత్వ హయాంలో గుడివాడ పట్టణంలో పేదల కోసం కట్టిన 8912 టిడ్కో ఇళ్ళు రాష్ట్రంలో నా…,against
చూడు జగన్  ఇవే మా ప్రభుత్వ హయాంలో గుడివాడ పట్టణంలో పేదల కోసం కట్టిన 8912 టిడ్కో ఇళ్ళు రాష్ట్రంలో నా…,favour
మా నమ్మకం నువ్వే జగన్ అనే కార్యక్రమం మరొకసారి తుగ్లక్ పరిపాలనకు నిదర్శనం వబ్బిన జనార్ధన శ్రీకాంత్ …,against
"జ‌నం నాడి ప‌ట్టిన జ‌గ‌న్‌ వ‌య‌సులోనూ, రాజ‌కీయ అనుభ‌వంలోనూ జ‌గ‌న్ చిన్న‌వాడు కానీ ప్ర‌జ‌ల ఆలోచన‌ల్ని, అవ‌స‌రాల‌ని గు…",favour
నాన్నగారు అరటి పండు ని కనిపెట్టారు మీరెందుకు పనస పండు ని కనిపెట్టకూడదు,favour
"ఒక మోటు సామెత గుర్తు వచ్చింది ఛండాల్ బాబు vs జగన్ Fase ఈ సామెత వాడుకలోనిదే, ఏ కులాన్నీ కించపరిచే ఉ…",favour
అరటి పండుకు చంద్రబాబుకు ఏం సంబంధం రా లోకేషా,against
జగన్ పేరులోనే ఉంది అందుకేనేమో దేశంలోనే రాష్ట్రాన్ని గంజాయికి క్యాపిటల్ గా మార్చాడు లాభాల కోసం ఎవరైనా తన పేరులో ఉన్న గం…,against
జగనన్నతో పోసాని మురళీకృష్ణ,favour
"జ‌నం నాడి ప‌ట్టిన జ‌గ‌న్‌ వ‌య‌సులోనూ, రాజ‌కీయ అనుభ‌వంలోనూ జ‌గ‌న్ చిన్న‌వాడు కానీ ప్ర‌జ‌ల ఆలోచన‌ల్ని, అవ‌స‌రాల‌ని గు…",favour
చిత్తూరు ఎమ్మెల్యే శ్రీనివాసులుకు నిరసన సెగ ,favour
గంటలో వంకాయప్పా నీకు తిరగేసి రాయడం కూడా రాదా? స్కూల్లో పిల్లలకు ఇదే నేర్పావా? జగన్ తిరగేస్తే nagaj అవుతుందే…,favour
"జ‌నం నాడి ప‌ట్టిన జ‌గ‌న్‌ వ‌య‌సులోనూ, రాజ‌కీయ అనుభ‌వంలోనూ జ‌గ‌న్ చిన్న‌వాడు కానీ ప్ర‌జ‌ల ఆలోచన‌ల్ని, అవ‌స‌రాల‌ని గు…",favour
అరటి పండు ను కనిపెట్టింది కూడా మన చంద్రం బాబోరే తమ్ముడ్లు,favour
శవాల మీద చిల్లర చుడండి  జగన్,favour
రాష్ట్రమంతటా ఒక్కటే నినాదం మా నమ్మకం నువ్వే జగన్,favour
సీఎం జగన్ కు మనుషులు కావాలి చంద్రబాబు కి ఓటర్లు కావాలి - పోసాని కృష్ణమురళి,favour
వీళ్ళందరూ నీ యమ్మ మొగుడ్లా రా బోకేష్ గా,neutral
జగనన్నే మా భవిష్యత్తు సర్వేకు అపూర్వ స్పందన తొలి రోజే 15004 గ్రామ/వార్డు సచివాలయాల పరిధిలో 10 లక్షల ఇళ్లు పూర్తి …,neutral
"జ‌నం నాడి ప‌ట్టిన జ‌గ‌న్‌ వ‌య‌సులోనూ, రాజ‌కీయ అనుభ‌వంలోనూ జ‌గ‌న్ చిన్న‌వాడు కానీ ప్ర‌జ‌ల ఆలోచన‌ల్ని, అవ‌స‌రాల‌ని గు…",neutral
శవాల మీద చిల్లర చుడండి  జగన్,neutral
నీకు తెలుసు అనుకుంటాం రేపు నీతో చెప్పేదీ కూడా ఇవే మాటలు ఇష్టం ఉం…,neutral
"మీరు ఏ వర్గానికి, ఏ మతానికి, ఏ పార్టీకి చెందిన వారైనా కూడా మీకు ప్రభుత్వ సంక్షేమ పథకాలు వివక్ష లేకుండా అందాయని అనుకుంటే జగన…",favour
"జ‌నం నాడి ప‌ట్టిన జ‌గ‌న్‌ వ‌య‌సులోనూ, రాజ‌కీయ అనుభ‌వంలోనూ జ‌గ‌న్ చిన్న‌వాడు కానీ ప్ర‌జ‌ల ఆలోచన‌ల్ని, అవ‌స‌రాల‌ని గు…",favour
"వైసీపీ ఎమ్మెల్యేల్లో అసంతృప్తి  టీడీపీది దుష్ప్రచారం, ఆదోనీ ఎమ్మెల్యే చెప్పింది ఏంటంటే మంత్రి కొట్టు…",favour
"జ‌నం నాడి ప‌ట్టిన జ‌గ‌న్‌ వ‌య‌సులోనూ, రాజ‌కీయ అనుభ‌వంలోనూ జ‌గ‌న్ చిన్న‌వాడు కానీ ప్ర‌జ‌ల ఆలోచన‌ల్ని, అవ‌స‌రాల‌ని గు…",favour
2023 పెద్ద జోక్  అరటిపండుని చంద్రబాబు ప్రపంచానికి పరిచయం చేయటం ఏంట్రా మాలోకం,favour
"ఈ మాలోకం గాడు, జగన్ అన్న ని ప్రతీ ఒక్కటీ కాపీ కొట్టేస్తున్నాడు రా బాబోయ్",favour
"ycp పార్టీ సొంత డబ్బును ఎలా అయినా కర్చు చేయొచ్చు,ఆడగాల్సిన అవసరం ఎవరికి లేదు ప్రభుత్వం కర్చు చేస్తున్న ప్రతి రూపా…",favour
"జ‌నం నాడి ప‌ట్టిన జ‌గ‌న్‌ వ‌య‌సులోనూ, రాజ‌కీయ అనుభ‌వంలోనూ జ‌గ‌న్ చిన్న‌వాడు కానీ ప్ర‌జ‌ల ఆలోచన‌ల్ని, అవ‌స‌రాల‌ని గు…",neutral
"ప్రజల అభిప్రాయాలను తెలుసుకునేందుకు ఎన్నికల సర్వేలు, సోషియో ఎకనమిక్ సర్వేలు, మార్కెటింగ్ సర్వేలుఇలా అనేక సర్వేలు చేస్తుంటా…",neutral
నులక మంచం సెట్టింగ్ వేస్తే మోసపోయిన రైతులు నిన్ను నమ్ముతారా,neutral
"అభివృద్ధి పై మాజీ ఎమ్మెల్యే , ఎమ్మెల్యే మధ్య సవాల్ సాక్షాలతో ఒంటరిగా వచ్చిన నంబూరి",neutral
"జ‌నం నాడి ప‌ట్టిన జ‌గ‌న్‌ వ‌య‌సులోనూ, రాజ‌కీయ అనుభ‌వంలోనూ జ‌గ‌న్ చిన్న‌వాడు కానీ ప్ర‌జ‌ల ఆలోచన‌ల్ని, అవ‌స‌రాల‌ని గు…",neutral
శవాల మీద చిల్లర చుడండి  జగన్,neutral
చూడు జగన్  ఇవే మా ప్రభుత్వ హయాంలో గుడివాడ పట్టణంలో పేదల కోసం కట్టిన 8912 టిడ్కో ఇళ్ళు రా…,neutral
"సీఎం జగన్ ఫోటోను రథంపై ఊరేగించిన ప్రజలు, ఈ సంబరాలు ఎందుకో తెలుసా?",neutral
నవ్వకండి సీరియస్ మ్యాటర్,neutral
మా నమ్మకం నువ్వే జగన్ అనే కార్యక్రమం మరొకసారి తుగ్లక్ పరిపాలనకు నిదర్శనం వబ్బిన జనార్ధన శ్రీకాంత్ …,favour
"జ‌నం నాడి ప‌ట్టిన జ‌గ‌న్‌ వ‌య‌సులోనూ, రాజ‌కీయ అనుభ‌వంలోనూ జ‌గ‌న్ చిన్న‌వాడు కానీ ప్ర‌జ‌ల ఆలోచన‌ల్ని, అవ‌స‌రాల‌ని గు…",favour
"జ‌నం నాడి ప‌ట్టిన జ‌గ‌న్‌ వ‌య‌సులోనూ, రాజ‌కీయ అనుభ‌వంలోనూ జ‌గ‌న్ చిన్న‌వాడు కానీ ప్ర‌జ‌ల ఆలోచన‌ల్ని, అవ‌స‌రాల‌ని గు…",favour
గంటలో వంకాయప్పా నీకు తిరగేసి రాయడం కూడా రాదా? స్కూల్లో పిల్లలకు ఇదే నేర్పావా? జగన్ తిరగేస్తే nagaj అవుతుందే…,favour
"జ‌నం నాడి ప‌ట్టిన జ‌గ‌న్‌ వ‌య‌సులోనూ, రాజ‌కీయ అనుభ‌వంలోనూ జ‌గ‌న్ చిన్న‌వాడు కానీ ప్ర‌జ‌ల ఆలోచన‌ల్ని, అవ‌స‌రాల‌ని గు…",favour
చూడండిజగన్ గారు ఇవే మా ప్రభుత్వ హయాంలో రాజధాని ప్రాంతంలో పేదల కోసం కట్టిన టిడ్కో ఇళ్ళు రాష్ట్రంలో నాడు ని…,favour
జ‌నం నాడి ప‌ట్టిన జ‌గ‌న్‌,favour
శవాల మీద చిల్లర చుడండి  జగన్,favour
జగన్ ఢిల్లీ టూర్ తర్వాత పవన్ కు కేంద్రం భారీ షాక్ ,favour
ట్రిక్ కాదు ట్వీట్ టైపు చేయినప్పుడ చూసుకో తెలంగాణ లో కూర్చున షర్మిల కేసీ…,favour
గంటలో వంకాయప్పా నీకు తిరగేసి రాయడం కూడా రాదా? స్కూల్లో పిల్లలకు ఇదే నేర్పావా? జగన్ తిరగేస్తే nagaj అవుతుందే…,favour
జగన్‌కు చంద్రబాబు సెల్ఫీ చాలెంజ్ వైరల్ ,favour
జనసైనికుల జన్మహక్కు అందరితో తిట్టించుకోడం,favour
మాకు నమ్మకం లేదు జగన్ మా నమ్మకం పవన్ స్టిక్కర్లను ఇంటింటికి అతికించిన తిరుపతి జనసేన …,favour
చిత్తూరు ఎమ్మెల్యే శ్రీనివాసులుకు నిరసన సెగ ,favour
చూడు బాబూ ఇవిగో ఇళ్లు,favour
జగన్ కొత్త వ్యూహం స్టికర్ తీసేస్తే? ,favour
గంటలో వంకాయప్పా నీకు తిరగేసి రాయడం కూడా రాదా? స్కూల్లో పిల్లలకు ఇదే నేర్పావా? జగన్ తిరగేస్తే nagaj అవుతుందే…,neutral
"జ‌నం నాడి ప‌ట్టిన జ‌గ‌న్‌ వ‌య‌సులోనూ, రాజ‌కీయ అనుభ‌వంలోనూ జ‌గ‌న్ చిన్న‌వాడు కానీ ప్ర‌జ‌ల ఆలోచన‌ల్ని, అవ‌స‌రాల‌ని గు…",neutral
"జ‌నం నాడి ప‌ట్టిన జ‌గ‌న్‌ వ‌య‌సులోనూ, రాజ‌కీయ అనుభ‌వంలోనూ జ‌గ‌న్ చిన్న‌వాడు కానీ ప్ర‌జ‌ల ఆలోచన‌ల్ని, అవ‌స‌రాల‌ని గు…",neutral
14-Oct-2009 (YSR చనిపోయి సుమారు 42 రోజులు) జగన్ కు గ్లామర్ ఉందిఏ పార్టీ కైనా ఫేస్ వాల్యూ ఉండాలిఅనుభవజ్ఞుడు అయినా…,neutral
"జ‌నం నాడి ప‌ట్టిన జ‌గ‌న్‌ వ‌య‌సులోనూ, రాజ‌కీయ అనుభ‌వంలోనూ జ‌గ‌న్ చిన్న‌వాడు కానీ ప్ర‌జ‌ల ఆలోచన‌ల్ని, అవ‌స‌రాల‌ని గు…",neutral
పాపం ఏ విషయం లో ఎక్కడ దొరికాడో ఏమో గానీ పార్టీ ఉన్నంత కాలం టీడీపీ కి బానిసత్వం తప్పేలా లేదు …,neutral
"నేను ఒంటరిగానే డిబెట్ కి వెళ్తాను, అభివృద్ధి ఆధారాలతో సహా నిరుపిస్తాను - ఎమ్మెల్యే నంబూరి",neutral
టిడిపి నేత దేవినేని ఉమా వ్యాఖ్యలకు కౌంటర్ ఇచ్చిన వైసీపీ ఎమ్మెల్యే వసంత కృష్ణప్రసాద్ ,favour
వెలకట్టలేని అవ్వ అభిమానం,favour
సంక్షేమ క్యాలండర్ 2023 -2024,favour
సంక్షేమ క్యాలండర్ 2023 -2024,favour
జగనన్నే మన భవిష్యత్తు కార్యక్రమంలో పాల్గొన్న మంత్రి రోజా,favour
జగనన్నే మన భవిష్యత్తు కార్యక్రమంలో పాల్గొన్న మంత్రి రోజా,favour
"జ‌నం నాడి ప‌ట్టిన జ‌గ‌న్‌ వ‌య‌సులోనూ, రాజ‌కీయ అనుభ‌వంలోనూ జ‌గ‌న్ చిన్న‌వాడు కానీ ప్ర‌జ‌ల ఆలోచన‌ల్ని, అవ‌స‌రాల‌ని గు…",favour
శవాల మీద చిల్లర చుడండి  జగన్,favour
"జ‌నం నాడి ప‌ట్టిన జ‌గ‌న్‌ వ‌య‌సులోనూ, రాజ‌కీయ అనుభ‌వంలోనూ జ‌గ‌న్ చిన్న‌వాడు కానీ ప్ర‌జ‌ల ఆలోచన‌ల్ని, అవ‌స‌రాల‌ని గు…",favour
శవాల మీద చిల్లర చుడండి  జగన్,favour
చిత్తూరు ఎమ్మెల్యే శ్రీనివాసులుకు నిరసన సెగ ,favour
ఉపాధ్యాయులంటే జగన్ రెడ్డికి ఎందుకంత చులకన టీడీపీ ఎమ్మెల్యే అనగాని సత్యప్రసాద్,favour
"జ‌నం నాడి ప‌ట్టిన జ‌గ‌న్‌ వ‌య‌సులోనూ, రాజ‌కీయ అనుభ‌వంలోనూ జ‌గ‌న్ చిన్న‌వాడు కానీ ప్ర‌జ‌ల ఆలోచన‌ల్ని, అవ‌స‌రాల‌ని గు…",favour
కోట్లు పెట్టీ కొన్నా రాదు ఇలాంటి అభిమానంజగనన్నపై అవ్వ అభిమానం,favour
తీవ్రమైన అవినీతి కేసుల్లో జగన్ పై ఉన్నాడన్న విషయం ఉండవల్లి తెలియనట్లు నటిస్తాడు జగన్ రద్దు గురిం…,neutral
"ప్రజలకి, జగన్ కి మధ్య ఉన్న అనుబంధం ఇది దీన్ని ఏ దుష్టచతుష్టయం కూడా విడదీయలేదు …",favour
పొత్తు ఉన్న లేకపోయినా పవనే సీఎం ఎమ్మెల్యే అభ్యర్థులకే దిక్కు లేదు వీడు సీఎం అంట …,favour
నెల్లూరు జిల్లాలో రాజధాని ఎక్స్ ప్రెస్ కు తప్పిన ప్రమాదం,favour
తీవ్రమైన అవినీతి కేసుల్లో జగన్ పై ఉన్నాడన్న విషయం ఉండవల్లి తెలియనట్లు నటిస్తాడు; జగన్ రద్దు…,favour
"జ‌నం నాడి ప‌ట్టిన జ‌గ‌న్‌ వ‌య‌సులోనూ, రాజ‌కీయ అనుభ‌వంలోనూ జ‌గ‌న్ చిన్న‌వాడు కానీ ప్ర‌జ‌ల ఆలోచన‌ల్ని, అవ‌స‌రాల‌ని గు…",favour
"జ‌నం నాడి ప‌ట్టిన జ‌గ‌న్‌ వ‌య‌సులోనూ, రాజ‌కీయ అనుభ‌వంలోనూ జ‌గ‌న్ చిన్న‌వాడు కానీ ప్ర‌జ‌ల ఆలోచన‌ల్ని, అవ‌స‌రాల‌ని గు…",favour
చంద్రన్న నీటి పథకం - కళాత్మక విన్యాసం,favour
"జ‌నం నాడి ప‌ట్టిన జ‌గ‌న్‌ వ‌య‌సులోనూ, రాజ‌కీయ అనుభ‌వంలోనూ జ‌గ‌న్ చిన్న‌వాడు కానీ ప్ర‌జ‌ల ఆలోచన‌ల్ని, అవ‌స‌రాల‌ని గు…",favour
"క్రైస్తవ సోదర, సోదరీమణులందరికీ ఈస్టర్ శుభాకాంక్షలు",favour
"జ‌నం నాడి ప‌ట్టిన జ‌గ‌న్‌ వ‌య‌సులోనూ, రాజ‌కీయ అనుభ‌వంలోనూ జ‌గ‌న్ చిన్న‌వాడు కానీ ప్ర‌జ‌ల ఆలోచన‌ల్ని, అవ‌స‌రాల‌ని గు…",favour
చిత్తూరు ఎమ్మెల్యే శ్రీనివాసులుకు నిరసన సెగ ,favour
చంద్రబాబు నీ చెవులు ఏనుగంత చెవులు చేసుకొని విను,favour
చిత్తూరు ఎమ్మెల్యే శ్రీనివాసులుకు నిరసన సెగ ,favour
సంక్షేమ క్యాలండర్ 2023 -2024,favour
"జ‌నం నాడి ప‌ట్టిన జ‌గ‌న్‌ వ‌య‌సులోనూ, రాజ‌కీయ అనుభ‌వంలోనూ జ‌గ‌న్ చిన్న‌వాడు కానీ ప్ర‌జ‌ల ఆలోచన‌ల్ని, అవ‌స‌రాల‌ని గు…",favour
చంద్రబాబు చెప్పుల్లో జగన్​ పాదాలు …,favour
- జూన్ నెలలో వైఎస్సార్సీపీ మొదటి విడత ఎమ్మెల్యేల జాబితా విడుదల 80 నుండి 90 అభ్యర్థుల ప్రకటన సెప్టెంబర్ నుండి ముఖ్య…,favour
"జ‌నం నాడి ప‌ట్టిన జ‌గ‌న్‌ వ‌య‌సులోనూ, రాజ‌కీయ అనుభ‌వంలోనూ జ‌గ‌న్ చిన్న‌వాడు కానీ ప్ర‌జ‌ల ఆలోచన‌ల్ని, అవ‌స‌రాల‌ని గు…",neutral
ఎంతోమంది ధనవంతులు హైదరాబాద్ వచ్చారు కానీ? ారతరాజ్యాంగంవర్ధిల్లాలి …,neutral
శ్రీ వైఎస్ జగన్ మోహన్ రెడ్డి సార్ శ్రీ రామ చంద్ర మూర్తి లాగ మంచి పరిపాలన చేస్తూ ఉన్నాడు కాబట్టి భారతదేశం మొత్తం ఇ…,neutral
శ్రీ వైఎస్ జగన్ మోహన్ రెడ్డి సార్ శ్రీ రామ చంద్ర మూర్తి లాగ మంచి పరిపాలన చేస్తూ ఉన్నాడు కాబట్టి భారతదేశం మొత్తం ఇ…,neutral
ారతరాజ్యాంగాన్ని అవమాన పరుస్తున్న ైరతాబాద్ సీఐ ారతరాజ్యాంగంవర్ధిల్లాలి …,neutral
చిత్తూరు ఎమ్మెల్యే శ్రీనివాసులుకు నిరసన సెగ ,neutral
"జ‌నం నాడి ప‌ట్టిన జ‌గ‌న్‌ వ‌య‌సులోనూ, రాజ‌కీయ అనుభ‌వంలోనూ జ‌గ‌న్ చిన్న‌వాడు కానీ ప్ర‌జ‌ల ఆలోచన‌ల్ని, అవ‌స‌రాల‌ని గు…",neutral
ఆంధ్రా అభివృద్ధికి తట్టెడు మట్టి వెయ్యవు కాన నీ ఇసక దోపిడీకి నదికి అడ్డంగా ఆనకట్టవేస్తావు జగన్,favour
"క్రైస్తవులందరికీ ఈస్టర్ శుభాకాంక్షలు పునరుద్ధానుడైన క్రీస్తు ఆశీర్వాదాలు ప్రతి కుటుంబానికి లభించాలని, అందరికీ…",favour
గంటలో వంకాయప్పా నీకు తిరగేసి రాయడం కూడా రాదా? స్కూల్లో పిల్లలకు ఇదే నేర్పావా? జగన్ తిరగేస్తే nagaj అవుతుందే…,favour
శ్రీ వైఎస్ జగన్ మోహన్ రెడ్డి సార్ శ్రీ రామ చంద్ర మూర్తి లాగ మంచి పరిపాలన చేస్తూ ఉ…,favour
"జ‌నం నాడి ప‌ట్టిన జ‌గ‌న్‌ వ‌య‌సులోనూ, రాజ‌కీయ అనుభ‌వంలోనూ జ‌గ‌న్ చిన్న‌వాడు కానీ ప్ర‌జ‌ల ఆలోచన‌ల్ని, అవ‌స‌రాల‌ని గు…",favour
"జ‌నం నాడి ప‌ట్టిన జ‌గ‌న్‌ వ‌య‌సులోనూ, రాజ‌కీయ అనుభ‌వంలోనూ జ‌గ‌న్ చిన్న‌వాడు కానీ ప్ర‌జ‌ల ఆలోచన‌ల్ని, అవ‌స‌రాల‌ని…",favour
ఇదిగో ని నెక్స్ట్ ట్వీట్ devlopment జగన్ goverment లేదు అనుకో నేను ఈ…,favour
శ్రీ వైఎస్ జగన్ మోహన్ రెడ్డి సార్ శ్రీ రామ చంద్ర మూర్తి లాగ మంచి పరిపాలన చేస్తూ ఉన్నాడు కాబ…,favour
ఆంధ్రా అభివృద్ధికి తట్టెడు మట్టి వెయ్యవు కాన నీ ఇసక దోపిడీకి నదికి అడ్డంగా ఆనకట్టవేస్తావు జగన్,favour
శ్రీ వైఎస్ జగన్ మోహన్ రెడ్డి సార్ శ్రీ రామ చంద్ర మూర్తి లాగ మంచి పరిపాలన చేస్తూ ఉన్నాడు కాబట్టి భారతదేశం మొత్తం ఇ…,favour
చిత్తూరు ఎమ్మెల్యే శ్రీనివాసులుకు నిరసన సెగ ,favour
శ్రీ వైఎస్ జగన్ మోహన్ రెడ్డి సార్ శ్రీ రామ చంద్ర మూర్తి లాగ మంచి పరిపాలన చేస్తూ ఉన్నాడు కాబట్టి భా…,favour
శవాల మీద చిల్లర చుడండి  జగన్,favour
శ్రీ వైఎస్ జగన్ మోహన్ రెడ్డి సార్ శ్రీ రామ చంద్ర మూర్తి లాగ మంచి పరిపాలన చేస్తూ ఉన్నాడు కాబట్టి భారతదేశం మొత్తం ఇ…,neutral
దమ్ముంటే ఆధారాలతో రావాలి - నంబూరి,favour
ఆంధ్రా అభివృద్ధికి తట్టెడు మట్టి వెయ్యవు కాన నీ ఇసక దోపిడీకి నదికి అడ్డంగా ఆనకట్టవేస్తావు జగన్,favour
టిడిపి నేత దేవినేని ఉమా వ్యాఖ్యలకు కౌంటర్ ఇచ్చిన వైసీపీ ఎమ్మెల్యే వసంత కృష్ణప్రసాద్,favour
"""జగనన్నే మా భవిష్యత్తు మా నమ్మకం నీవే జగనన్న""",favour
శవాల మీద చిల్లర చుడండి  జగన్,favour
మాకు నమ్మకం లేదు జగన్ మాకు నమ్మకం పవన్,favour
మరి జగన్ ని ఏమీ అనువు ఎందుకు,favour
జగన్ చెప్పొచ్చు గా గమ్మున కుక్క అని ఎందుకు,favour
జగనన్నే మా భవిష్యత్తు జై జగన్ జై చిర్ల జగన్ GARU MLA…,favour
నువ్వు క్లియర్ గా రాయలేదంటేనే అర్థం అవుతుంది పోలీసులు మీద రాళ్లు విసిరింది మన వైసీపీ వాళ్లేనని జగన్,favour
జనవాణి కార్యక్రమం మునగపాక మండలం గంటవానీపాలెం గ్రామంలో,favour
రైతన్న తో పప్పన్న,favour
జగనన్న ఇచ్చిన డబ్బులతో మేకలు కొన్నానునా జీవితం మారిపోయింది నేను ప్రతి ఇంటికి వెళ్లి జగనన్న కి ఓటు వేయమని అడుగుతా…,favour
జగన్ కొత్త వ్యూహం స్టికర్ తీసేస్తే? ,favour
శవాల మీద చిల్లర చుడండి  జగన్,favour
శవాల మీద చిల్లర చుడండి  జగన్,favour
రాజన్న పాదయాత్రకు నేటికి 20 ఏళ్ళు ,favour
11 జిల్లాలు 68 రోజులు 640 గ్రామాలు 1475 కిలోమీటర్లు మహానేత వైఎస్సార్ గారి ప్రజా ప్రస్థానం పాదయాత్ర ప్రారం…,neutral
శవాల మీద చిల్లర చుడండి  జగన్,neutral
శవాల మీద చిల్లర చుడండి  జగన్,neutral
ఆంధ్రా అభివృద్ధికి తట్టెడు మట్టి వెయ్యవు కాన నీ ఇసక దోపిడీకి నదికి అడ్డంగా ఆనకట్టవేస్తావు జగన్,neutral
శవాల మీద చిల్లర చుడండి  జగన్,neutral
ఆంధ్రా అభివృద్ధికి తట్టెడు మట్టి వెయ్యవు కాన నీ ఇసక దోపిడీకి నదికి అడ్డంగా ఆనకట్టవేస్తావు జగన్,neutral
శవాల మీద చిల్లర చుడండి  జగన్,neutral
శవాల మీద చిల్లర చుడండి  జగన్,favour
"- విశాఖలో ఆదాని డేటా సెంటర్ - త్వరలో మెగా DSC - 98% ఎన్నికల హామీలు నెరవేర్చాం - 175/175 ఏ మా టార్గెట్, మా ఎన్నికల…",favour
ఈ సీన్ డిలీట్ చేసి చాలా తప్పు చేశారు అని నా అభిప్రాయం,favour
గంటలో వంకాయప్పా నీకు తిరగేసి రాయడం కూడా రాదా? స్కూల్లో పిల్లలకు ఇదే నేర్పావా? జగన్ తిరగేస్తే nagaj అవుతుందే…,favour
ఎలుక తోలు ఎడాది ఉతికినా నలుపు నలుపే కాని తెలుపు రాదు,favour
ఆంధ్రా అభివృద్ధికి తట్టెడు మట్టి వెయ్యవు కాన నీ ఇసక దోపిడీకి నదికి అడ్డంగా ఆనకట్టవేస్తావు జగన్,favour
మైలవరంలో జగనన్నే మా భవిష్యత్తు కార్యక్రమాన్ని ప్రారంభించిన మైలవరం శాసనసభ్యులు శ్రీ వసంత వెంకట కృష్ణప్రసాదు గారు htt…,favour
11 జిల్లాలు 68 రోజులు 640 గ్రామాలు 1475 కిలోమీటర్లు మహానేత వైఎస్సార్ గారి ప్రజా ప్రస్థానం పాదయాత్ర ప్రారం…,favour
జగనన్నన్ని ఫాలో అవుతున్న పక్క రాష్ట్ర ముఖ్యమంత్రి స్టాలిన్ ఇదిరా జగనన్న అంటే,favour
కాకినాడ సిటీకి సంబంధించి రెగ్యులర్ గా వచ్చే కలెక్షన్స్ ఆపేసి కరెక్ట్ గా రెండు సంవత్సరాలు ( issue) …,favour
ఆంధ్రా అభివృద్ధికి తట్టెడు మట్టి వెయ్యవు కాన నీ ఇసక దోపిడీకి నదికి అడ్డంగా ఆనకట్టవేస్తావు జగన్,favour
AP CM జగన్ ధర్మాన కి మాత్రమే మినహాయింపు ఇచ్చిన అధిష్టానం,favour
జగనన్నే మా భవిష్యత్తు కార్యక్రమంలో ప్రజలు బ్రహ్మరథం పడుతున్నారుమంత్రి గుడివాడ అమర్నాథ్,favour
2024 లో జగనన్న వేటకి టీడీపీ పరిస్థితి ఇలాగే ఉంటుంది,favour
దేవుడు ఎక్కడో లెడు ఇలా అన్నా రూపం లో పేద ప్రజలను ఆదుకుoటున్నాడు,against
నిరుపేదల గుండె చప్పుడు మన జగనన్న,favour
కొవ్వూరుకు జగన్,against
గంటలో వంకాయప్పా నీకు తిరగేసి రాయడం కూడా రాదా? స్కూల్లో పిల్లలకు ఇదే నేర్పావా? జగన్ తిరగేస్తే nagaj అవుతుందే…,favour
పిల్ల సైకో జగన్ చూసి వేస్తారు ఓట్లు కాబట్టి అందుకే చదువుకోమన్నారు,favour
రాజన్న నిరుపేదలకు ఇచ్చిన భూములను రామోజీ ఏవిధంగా కబ్జా చేసారో డాల్ఫిన్ అప్పారావు గారి మాటల్లో,favour
మరి నీకు ఇంత అసూయా జగన్ అంటే మనిషి ఉండాలిసిన అసూయా కంటే ఎక్కువ ఉంటే త్వరగా పోతారు జగన్ స్కీమ్స్ ని…,against
ఆంధ్రా అభివృద్ధికి తట్టెడు మట్టి వెయ్యవు కాన నీ ఇసక దోపిడీకి నదికి అడ్డంగా ఆనకట్టవేస్తావు జగన్,against
ఆంధ్రా అభివృద్ధికి తట్టెడు మట్టి వెయ్యవు కాన నీ ఇసక దోపిడీకి నదికి అడ్డంగా ఆనకట్టవేస్తావు జగన్,favour
"ఒసే తింగరి తింగరి దాన జగన్ ని తిప్పి రాస్తే NAGAJ ఏ , కాదు ,ఇలాంటి వెళ్లి గంటా గాడి చెప్పు వింటాడు",favour
ఆంధ్రా అభివృద్ధికి తట్టెడు మట్టి వెయ్యవు కాన నీ ఇసక దోపిడీకి నదికి అడ్డంగా ఆనకట్టవేస్తావు జగన్,favour
జగనన్న మీద అభిమానం అంటే ఇలా ఉంటుందిరా పచ్చ పిల్ల సైకో బఫూన్స్,favour
మనం పుట్టినప్పటి నుండీ ఇలా ఒక MLA గాని MP గాని మన ఊరికి రావడం చూసామా ఊరికి వచ్చినా మన ఇంటికి…,favour
మనం పుట్టినప్పటి నుండీ ఇలా ఒక MLA గాని MP గాని మన ఊరికి రావడం చూసామా ఊరికి వచ్చినా మన ఇంటికి వచ్చి ప్ర…,favour
మనం పుట్టినప్పటి నుండీ ఇలా ఒక MLA గాని MP గాని మన ఊరికి రావడం చూసామా ఊరికి వచ్చినా మన ఇంటికి వచ్చి…,favour
జగన్ ను ఓడించడం చంద్రబాబు పవన్కళ్యాణ్ వల్ల కాదు ఎక్కువ మాట్లాడితే జనాలే తంతారు వీళ్ళను,favour
చూడు జగన్  ఇవే మా ప్రభుత్వ హయాంలో గుడివాడ పట్టణంలో పేదల కోసం కట్టిన 8912 టిడ్కో ఇళ్ళు రాష్ట్రంలో నా…,favour
చూడు జగన్  ఇవే మా ప్రభుత్వ హయాంలో గుడివాడ పట్టణంలో పేదల కోసం కట్టిన 8912 టిడ్కో ఇళ్ళు రాష్ట్రంలో నా…,neutral
చిత్తూరు ఎమ్మెల్యే శ్రీనివాసులుకు నిరసన సెగ ,neutral
శ్రీ వైఎస్ జగన్ మోహన్ రెడ్డి సార్ శ్రీ రామ చంద్ర మూర్తి లాగ మంచి పరిపాలన చేస్తూ ఉన్నాడు కాబట్టి భా…,neutral
శవాల మీద చిల్లర చుడండి  జగన్,neutral
శ్రీ వైఎస్ జగన్ మోహన్ రెడ్డి సార్ శ్రీ రామ చంద్ర మూర్తి లాగ మంచి పరిపాలన చేస్తూ ఉన్నాడు కాబట్టి భారతదేశం మొత్తం ఇ…,neutral
దమ్ముంటే ఆధారాలతో రావాలి - నంబూరి,favour
ఆంధ్రా అభివృద్ధికి తట్టెడు మట్టి వెయ్యవు కాన నీ ఇసక దోపిడీకి నదికి అడ్డంగా ఆనకట్టవేస్తావు జగన్,favour
టిడిపి నేత దేవినేని ఉమా వ్యాఖ్యలకు కౌంటర్ ఇచ్చిన వైసీపీ ఎమ్మెల్యే వసంత కృష్ణప్రసాద్,favour
"""జగనన్నే మా భవిష్యత్తు మా నమ్మకం నీవే జగనన్న""",favour
శవాల మీద చిల్లర చుడండి  జగన్,favour
మాకు నమ్మకం లేదు జగన్ మాకు నమ్మకం పవన్,favour
మరి జగన్ ని ఏమీ అనువు ఎందుకు,favour
జగన్ చెప్పొచ్చు గా గమ్మున కుక్క అని ఎందుకు,neutral
జగనన్నే మా భవిష్యత్తు జై జగన్ జై చిర్ల జగన్ GARU MLA…,neutral
నువ్వు క్లియర్ గా రాయలేదంటేనే అర్థం అవుతుంది పోలీసులు మీద రాళ్లు విసిరింది మన వైసీపీ వాళ్లేనని జగన్,neutral
జనవాణి కార్యక్రమం మునగపాక మండలం గంటవానీపాలెం గ్రామంలో,neutral
శవాల మీద చిల్లర చుడండి  జగన్,neutral
నీకు తెలుసు అనుకుంటాం రేపు నీతో చెప్పేదీ కూడా ఇవే మాటలు ఇష్టం ఉం…,neutral
"మీరు ఏ వర్గానికి, ఏ మతానికి, ఏ పార్టీకి చెందిన వారైనా కూడా మీకు ప్రభుత్వ సంక్షేమ పథకాలు వివక్ష లేకుండా అందాయని అనుకుంటే జగన…",neutral
"జ‌నం నాడి ప‌ట్టిన జ‌గ‌న్‌ వ‌య‌సులోనూ, రాజ‌కీయ అనుభ‌వంలోనూ జ‌గ‌న్ చిన్న‌వాడు కానీ ప్ర‌జ‌ల ఆలోచన‌ల్ని, అవ‌స‌రాల‌ని గు…",neutral
జగన్ చెప్పొచ్చు గా గమ్మున కుక్క అని ఎందుకు,neutral